-- phpMyAdmin SQL Dump
-- version 4.1.6
-- http://www.phpmyadmin.net
--
-- Host: 127.0.0.1
-- Generation Time: Jul 20, 2014 at 06:45 AM
-- Server version: 5.6.16
-- PHP Version: 5.5.9

SET SQL_MODE = "NO_AUTO_VALUE_ON_ZERO";
SET time_zone = "+00:00";


/*!40101 SET @OLD_CHARACTER_SET_CLIENT=@@CHARACTER_SET_CLIENT */;
/*!40101 SET @OLD_CHARACTER_SET_RESULTS=@@CHARACTER_SET_RESULTS */;
/*!40101 SET @OLD_COLLATION_CONNECTION=@@COLLATION_CONNECTION */;
/*!40101 SET NAMES utf8 */;

--
-- Database: `db_splpj`
--
CREATE DATABASE IF NOT EXISTS `db_splpj` DEFAULT CHARACTER SET latin1 COLLATE latin1_swedish_ci;
USE `db_splpj`;

-- --------------------------------------------------------

--
-- Table structure for table `tb_buku_kas_umum`
--

DROP TABLE IF EXISTS `tb_buku_kas_umum`;
CREATE TABLE IF NOT EXISTS `tb_buku_kas_umum` (
  `BKU_ID` int(11) NOT NULL AUTO_INCREMENT,
  `BKU_NO_URUT` int(11) NOT NULL,
  `LPJ_ID` int(11) NOT NULL,
  `BKU_TGL_SUB_KEG` date DEFAULT NULL,
  `BKU_KODE_REK` varchar(14) DEFAULT NULL,
  `BKU_URAIAN` text,
  `BKU_ATAS_NAMA` char(18) DEFAULT NULL,
  `BKU_PENERIMAAN` bigint(20) DEFAULT NULL,
  `BKU_PENGELUARAN` bigint(20) DEFAULT NULL,
  `BKU_PAJAK` varchar(255) NOT NULL,
  `BKU_LAMPIRAN` text,
  PRIMARY KEY (`BKU_ID`)
) ENGINE=InnoDB  DEFAULT CHARSET=latin1 AUTO_INCREMENT=46 ;

--
-- Dumping data for table `tb_buku_kas_umum`
--

INSERT INTO `tb_buku_kas_umum` (`BKU_ID`, `BKU_NO_URUT`, `LPJ_ID`, `BKU_TGL_SUB_KEG`, `BKU_KODE_REK`, `BKU_URAIAN`, `BKU_ATAS_NAMA`, `BKU_PENERIMAAN`, `BKU_PENGELUARAN`, `BKU_PAJAK`, `BKU_LAMPIRAN`) VALUES
(13, 1, 11, '2014-04-30', '', 'Diterima SP2D Nomor 938/4344/UP/Keu tgl. 24 April 2014', '', 68300000, 0, '|||', 'BKU_LAMPIRAN-11-1.PNG'),
(14, 2, 11, '2014-04-30', '0502021502', 'Dibayar belanja perjalanan dinas dalam rangka Melaksanakan evaluasi/verifikasi faktual permohonan bantuan Gubernur program KKN Tematik Perguruan Tinggi se-Jawa Barat tgl. 14 s.d. 15 April 2014 ke Kab. Indramayu', '196301111988031000', 0, 1995000, '|||', 'BKU_LAMPIRAN-11-2.PNG'),
(15, 3, 11, '2014-04-30', '0502021502', 'Dibayar belanja perjalanan dinas dalam rangka Melaksanakan evaluasi/verifikasi faktual permohonan bantuan Gubernur program KKN Tematik Perguruan Tinggi se-Jawa Barat tgl. 14 s.d. 15 April 2014 ke Kab. Indramayu', '196108151985011003', 0, 1595000, '|||', 'BKU_LAMPIRAN-11-3.PNG'),
(16, 4, 11, '2014-04-30', '0502021502', 'Dibayar belanja perjalanan dinas dalam rangka Melaksanakan evaluasi/verifikasi faktual permohonan bantuan Gubernur program KKN Tematik Perguruan Tinggi se-Jawa Barat tgl. 14 s.d. 15 April 2014 ke Kab. Indramayu', '197604092009021002', 0, 2620000, '|||', 'BKU_LAMPIRAN-11-4.PNG'),
(17, 5, 11, '2014-04-30', '0502021502', 'Dibayar belanja perjalanan dinas dalam rangka Melaksanakan evaluasi/verifikasi faktual permohonan bantuan Gubernur program KKN Tematik Perguruan Tinggi se-Jawa Barat tgl. 14 s.d. 15 April 2014 ke Kab. Indramayu', '197603162009011005', 0, 1320000, '|||', 'BKU_LAMPIRAN-11-5.PNG'),
(18, 6, 11, '2014-04-30', '0502021502', 'Dibayar belanja perjalanan dinas dalam rangka Melaksanakan evaluasi/verifikasi faktual permohonan bantuan Gubernur program KKN Tematik Perguruan Tinggi se-Jawa Barat tgl. 14 s.d. 15 April 2014 ke Kab. Indramayu', '197711302008011001', 0, 990000, '|||', 'BKU_LAMPIRAN-11-6.PNG'),
(19, 7, 11, '2014-04-30', '0502021502', 'Dibayar belanja perjalanan dinas dalam rangka Melaksanakan evaluasi/verifikasi faktual permohonan bantuan Gubernur program KKN Tematik Perguruan Tinggi se-Jawa Barat tgl. 16 s.d. 17 April 2014 ke Kab. Sukabumi', '196301111988031000', 0, 2140000, '|||', 'BKU_LAMPIRAN-11-7.PNG'),
(20, 8, 11, '2014-04-30', '0502021502', 'Dibayar belanja perjalanan dinas dalam rangka Melaksanakan evaluasi/verifikasi faktual permohonan bantuan Gubernur program KKN Tematik Perguruan Tinggi se-Jawa Barat tgl. 16 s.d. 17 April 2014 ke Kab. Sukabumi', '196108151985011003', 0, 1640000, '|||', 'BKU_LAMPIRAN-11-8.PNG'),
(21, 9, 11, '2014-04-30', '0502021502', 'Dibayar belanja perjalanan dinas dalam rangka Melaksanakan evaluasi/verifikasi faktual permohonan bantuan Gubernur program KKN Tematik Perguruan Tinggi se-Jawa Barat tgl. 16 s.d. 17 April 2014 ke Kab. Sukabumi', '197604092009021002', 0, 2650000, '|||', 'BKU_LAMPIRAN-11-9.PNG'),
(22, 10, 11, '2014-04-30', '0502021502', 'Dibayar belanja perjalanan dinas dalam rangka Melaksanakan evaluasi/verifikasi faktual permohonan bantuan Gubernur program KKN Tematik Perguruan Tinggi se-Jawa Barat tgl. 16 s.d. 17 April 2014 ke Kab. Sukabumi', '197603162009011005', 0, 1350000, '|||', 'BKU_LAMPIRAN-11-10.PNG'),
(23, 11, 11, '2014-04-30', '0502021502', 'Dibayar belanja perjalanan dinas dalam rangka Melaksanakan evaluasi/verifikasi faktual permohonan bantuan Gubernur program KKN Tematik Perguruan Tinggi se-Jawa Barat tgl. 16 s.d. 17 April 2014 ke Kab. Sukabumi', '197106042007011005', 0, 1005000, '|||', 'BKU_LAMPIRAN-11-11.PNG'),
(24, 12, 11, '2014-04-30', '0502021502', 'Dibayar belanja perjalanan dinas dalam rangka Melaksanakan evaluasi/verifikasi faktual permohonan bantuan Gubernur program KKN Tematik Perguruan Tinggi se-Jawa Barat tgl. 21 s.d. 22 April 2014 ke Kab. Ciamis', '196404131991021001', 0, 2124650, '|||', 'BKU_LAMPIRAN-11-12.PNG'),
(25, 13, 11, '2014-04-30', '0502021502', 'Dibayar belanja perjalanan dinas dalam rangka Melaksanakan evaluasi/verifikasi faktual permohonan bantuan Gubernur program KKN Tematik Perguruan Tinggi se-Jawa Barat tgl. 21 s.d. 22 April 2014 ke Kab. Ciamis', '196108151985011003', 0, 1610000, '|||', 'BKU_LAMPIRAN-11-13.PNG'),
(26, 14, 11, '2014-04-30', '0502021502', 'Dibayar belanja perjalanan dinas dalam rangka Melaksanakan evaluasi/verifikasi faktual permohonan bantuan Gubernur program KKN Tematik Perguruan Tinggi se-Jawa Barat tgl. 21 s.d. 22 April 2014 ke Kab. Ciamis', '196105081986032009', 0, 1350000, '|||', 'BKU_LAMPIRAN-11-14.PNG'),
(27, 15, 11, '2014-04-30', '0502021502', 'Dibayar belanja perjalanan dinas dalam rangka Melaksanakan evaluasi/verifikasi faktual permohonan bantuan Gubernur program KKN Tematik Perguruan Tinggi se-Jawa Barat tgl. 21 s.d. 22 April 2014 ke Kab. Ciamis', '197603162009011005', 0, 2650000, '|||', 'BKU_LAMPIRAN-11-15.PNG'),
(28, 16, 11, '2014-04-30', '0502021502', 'Dibayar belanja perjalanan dinas dalam rangka Melaksanakan evaluasi/verifikasi faktual permohonan bantuan Gubernur program KKN Tematik Perguruan Tinggi se-Jawa Barat tgl. 21 s.d. 22 April 2014 ke Kab. Ciamis', '197206172008011005', 0, 1350000, '|||', 'BKU_LAMPIRAN-11-16.PNG'),
(29, 17, 11, '2014-04-30', '0502021502', 'Dibayar belanja perjalanan dinas dalam rangka Melaksanakan evaluasi/verifikasi faktual permohonan bantuan Gubernur program KKN Tematik Perguruan Tinggi se-Jawa Barat tgl. 23 s.d. 24 April 2014 ke Kab. Bogor', '196108151985011003', 0, 2095850, '|||', 'BKU_LAMPIRAN-11-17.PNG'),
(30, 18, 11, '2014-04-30', '0502021502', 'Dibayar belanja perjalanan dinas dalam rangka Melaksanakan evaluasi/verifikasi faktual permohonan bantuan Gubernur program KKN Tematik Perguruan Tinggi se-Jawa Barat tgl. 23 s.d. 24 April 2014 ke Kab. Bogor', '196909161991031011', 0, 1625000, '|||', 'BKU_LAMPIRAN-11-18.PNG'),
(31, 19, 11, '2014-04-30', '0502021502', 'Dibayar belanja perjalanan dinas dalam rangka Melaksanakan evaluasi/verifikasi faktual permohonan bantuan Gubernur program KKN Tematik Perguruan Tinggi se-Jawa Barat tgl. 23 s.d. 24 April 2014 ke Kab. Bogor', '197106042007011005', 0, 1005000, '|||', 'BKU_LAMPIRAN-11-19.PNG'),
(32, 20, 11, '2014-04-30', '0502021502', 'Dibayar belanja perjalanan dinas dalam rangka Melaksanakan evaluasi/verifikasi faktual permohonan bantuan Gubernur program KKN Tematik Perguruan Tinggi se-Jawa Barat tgl. 23 s.d. 24 April 2014 ke Kab. Bogor', '197603162009011005', 0, 2635000, '|||', 'BKU_LAMPIRAN-11-20.PNG'),
(33, 21, 11, '2014-04-30', '0502021502', 'Dibayar belanja perjalanan dinas dalam rangka Melaksanakan evaluasi/verifikasi faktual permohonan bantuan Gubernur program KKN Tematik Perguruan Tinggi se-Jawa Barat tgl. 23 s.d. 24 April 2014 ke Kab. Bogor', '196509051991031005', 0, 1335000, '|||', 'BKU_LAMPIRAN-11-21.PNG'),
(34, 22, 11, '2014-04-30', '0502021502', 'Dibayar belanja perjalanan dinas dalam rangka Melaksanakan evaluasi/verifikasi faktual permohonan bantuan Gubernur program KKN Tematik Perguruan Tinggi se-Jawa Barat tgl. 25 s.d. 26 April 2014 ke Kab. Tasikmalaya', '196108151985011003', 0, 2117750, '|||', 'BKU_LAMPIRAN-11-22.PNG'),
(35, 23, 11, '2014-04-30', '0502021502', 'Dibayar belanja perjalanan dinas dalam rangka Melaksanakan evaluasi/verifikasi faktual permohonan bantuan Gubernur program KKN Tematik Perguruan Tinggi se-Jawa Barat tgl. 25 s.d. 26 April 2014 ke Kab. Tasikmalaya', '196607281993032001', 0, 1625000, '|||', 'BKU_LAMPIRAN-11-23.PNG'),
(36, 24, 11, '2014-04-30', '0502021502', 'Dibayar belanja perjalanan dinas dalam rangka Melaksanakan evaluasi/verifikasi faktual permohonan bantuan Gubernur program KKN Tematik Perguruan Tinggi se-Jawa Barat tgl. 25 s.d. 26 April 2014 ke Kab. Tasikmalaya', '197410121998112001', 0, 990000, '|||', 'BKU_LAMPIRAN-11-24.PNG'),
(37, 25, 11, '2014-04-30', '0502021502', 'Dibayar belanja perjalanan dinas dalam rangka Melaksanakan evaluasi/verifikasi faktual permohonan bantuan Gubernur program KKN Tematik Perguruan Tinggi se-Jawa Barat tgl. 25 s.d. 26 April 2014 ke Kab. Tasikmalaya', '197603162009011005', 0, 2635000, '|||', 'BKU_LAMPIRAN-11-25.PNG'),
(38, 26, 11, '2014-04-30', '0502021502', 'Dibayar belanja perjalanan dinas dalam rangka Melaksanakan evaluasi/verifikasi faktual permohonan bantuan Gubernur program KKN Tematik Perguruan Tinggi se-Jawa Barat tgl. 25 s.d. 26 April 2014 ke Kab. Tasikmalaya', '196509051991031005', 0, 1335000, '|||', 'BKU_LAMPIRAN-11-26.PNG'),
(39, 27, 11, '2014-04-30', '0502021502', 'Dibayar belanja perjalanan dinas dalam rangka Melaksanakan evaluasi/verifikasi faktual permohonan bantuan Gubernur program KKN Tematik Perguruan Tinggi se-Jawa Barat tgl. 27 s.d. 28 April 2014 ke Kab. Cirebon', '196301111988031000', 0, 1890000, '|||', 'BKU_LAMPIRAN-11-27.PNG'),
(40, 28, 11, '2014-04-30', '0502021502', 'Dibayar belanja perjalanan dinas dalam rangka Melaksanakan evaluasi/verifikasi faktual permohonan bantuan Gubernur program KKN Tematik Perguruan Tinggi se-Jawa Barat tgl. 27 s.d. 28 April 2014 ke Kab. Cirebon', '196108151985011003', 0, 1640000, '|||', 'BKU_LAMPIRAN-11-28.PNG'),
(41, 29, 11, '2014-04-30', '0502021502', 'Dibayar belanja perjalanan dinas dalam rangka Melaksanakan evaluasi/verifikasi faktual permohonan bantuan Gubernur program KKN Tematik Perguruan Tinggi se-Jawa Barat tgl. 27 s.d. 28 April 2014 ke Kab. Cirebon', '197604092009021002', 0, 2650000, '|||', 'BKU_LAMPIRAN-11-29.PNG'),
(42, 30, 11, '2014-04-30', '0502021502', 'Dibayar belanja perjalanan dinas dalam rangka Melaksanakan evaluasi/verifikasi faktual permohonan bantuan Gubernur program KKN Tematik Perguruan Tinggi se-Jawa Barat tgl. 27 s.d. 28 April 2014 ke Kab. Cirebon', '196105081986032009', 0, 1350000, '|||', 'BKU_LAMPIRAN-11-30.PNG'),
(43, 31, 11, '2014-04-30', '0502021502', 'Dibayar belanja perjalanan dinas dalam rangka Melaksanakan evaluasi/verifikasi faktual permohonan bantuan Gubernur program KKN Tematik Perguruan Tinggi se-Jawa Barat tgl. 27 s.d. 28 April 2014 ke Kab. Cirebon', '197206172008011005', 0, 1350000, '|||', 'BKU_LAMPIRAN-11-31.PNG'),
(44, 32, 11, '2014-04-30', '0502020101', 'Dibayar belanja ATK Kegiatan', '', 0, 3635000, '330455||49569|', 'BKU_LAMPIRAN-11-32.PNG'),
(45, 33, 11, '2014-04-30', '0502020602', 'Dibayar belanja fotocopy/penggandaan dokumen kegiatan', '', 0, 765000, '|||', 'BKU_LAMPIRAN-11-33.PNG');

-- --------------------------------------------------------

--
-- Table structure for table `tb_data_lpj`
--

DROP TABLE IF EXISTS `tb_data_lpj`;
CREATE TABLE IF NOT EXISTS `tb_data_lpj` (
  `LPJ_ID` int(11) NOT NULL AUTO_INCREMENT,
  `USER_ID` varchar(50) DEFAULT NULL,
  `LPJ_KODERING` varchar(20) NOT NULL,
  `LPJ_NAMA_KEG` varchar(255) DEFAULT NULL,
  `LPJ_WAKTU_KEG` char(7) DEFAULT NULL,
  `LPJ_ORGANISASI` varchar(255) NOT NULL,
  `LPJ_UNIT_KERJA` varchar(255) NOT NULL,
  `LPJ_PROGRAM` varchar(255) NOT NULL,
  `LPJ_NO_DPPA` varchar(50) NOT NULL,
  `LPJ_TGL_DPPA` date NOT NULL,
  `LPJ_TGL_BUAT` timestamp NOT NULL DEFAULT CURRENT_TIMESTAMP,
  `LPJ_TGL_UPDATE` timestamp NOT NULL DEFAULT CURRENT_TIMESTAMP ON UPDATE CURRENT_TIMESTAMP,
  `LPJ_STATUS` char(1) DEFAULT NULL,
  `LPJ_ARSIP` text,
  PRIMARY KEY (`LPJ_ID`),
  KEY `FK_RELATIONSHIP_1` (`USER_ID`)
) ENGINE=InnoDB  DEFAULT CHARSET=latin1 AUTO_INCREMENT=15 ;

--
-- Dumping data for table `tb_data_lpj`
--

INSERT INTO `tb_data_lpj` (`LPJ_ID`, `USER_ID`, `LPJ_KODERING`, `LPJ_NAMA_KEG`, `LPJ_WAKTU_KEG`, `LPJ_ORGANISASI`, `LPJ_UNIT_KERJA`, `LPJ_PROGRAM`, `LPJ_NO_DPPA`, `LPJ_TGL_DPPA`, `LPJ_TGL_BUAT`, `LPJ_TGL_UPDATE`, `LPJ_STATUS`, `LPJ_ARSIP`) VALUES
(11, 'admin', '1.20.03.07.25.05', 'Kegiatan Verifikasi Bantuan Gubernur di Lingkungan Biro Pelayanan Sosial Dasar', '07-2014', 'Sekretariat Daerah Provinsi Jawa Barat', 'Biro Pelayanan Sosial Dasar', 'Program Pengelolaan Kekayaan dan Keragaman Budaya', '1.20.03.25.05.5.2.', '2014-04-03', '2014-05-30 05:12:02', '2014-07-08 15:57:02', '3', 'ARSIP_LPJ-11.zip'),
(13, 'softtama', '1.20.03.07.74.02', 'Penyediaan Barang untuk Kegiatan Buka Bersama JTK 2014', '06-2014', 'Himpunan Mahasiswa Komputer', 'Dept. Kebudayaan', 'Buka Bersama JTK 2014', '1.20.03.25.05.5', '2014-07-07', '2014-07-10 14:07:18', '2014-07-13 07:06:31', '1', NULL),
(14, 'softtama', '1.20.03.07.25.09', 'Markisa "Mari Kita Berbagi kepada Sesama" HIMAKOM 2014', '06-2014', 'Himpunan Mahasiswa Komputer', 'Departemen Sosial dan Politik', 'PKM HIMAKOM 2014', '1.20.03.25.05.5.7', '2014-07-30', '2014-07-13 05:40:42', '2014-07-13 07:06:41', '1', NULL);

-- --------------------------------------------------------

--
-- Table structure for table `tb_lpj_bndhra_pngluaran_pmbntu`
--

DROP TABLE IF EXISTS `tb_lpj_bndhra_pngluaran_pmbntu`;
CREATE TABLE IF NOT EXISTS `tb_lpj_bndhra_pngluaran_pmbntu` (
  `BPP_ID` int(11) NOT NULL AUTO_INCREMENT,
  `LPJ_ID` int(11) DEFAULT NULL,
  `KODE_REK` varchar(14) DEFAULT NULL,
  `BPP_JML_ANGGRN` bigint(20) DEFAULT NULL,
  `BPP_LPJ_LS_GAJI` bigint(20) DEFAULT NULL,
  `BPP_LPJ_LS_BRNG_JASA` bigint(20) DEFAULT NULL,
  `BPP_LPJ_UP_GU_TU` bigint(20) DEFAULT NULL,
  PRIMARY KEY (`BPP_ID`),
  KEY `FK_RELATIONSHIP_5` (`LPJ_ID`),
  KEY `FK_RELATIONSHIP_6` (`KODE_REK`)
) ENGINE=InnoDB  DEFAULT CHARSET=latin1 AUTO_INCREMENT=40 ;

--
-- Dumping data for table `tb_lpj_bndhra_pngluaran_pmbntu`
--

INSERT INTO `tb_lpj_bndhra_pngluaran_pmbntu` (`BPP_ID`, `LPJ_ID`, `KODE_REK`, `BPP_JML_ANGGRN`, `BPP_LPJ_LS_GAJI`, `BPP_LPJ_LS_BRNG_JASA`, `BPP_LPJ_UP_GU_TU`) VALUES
(16, 11, '050202', 260000000, 0, 0, 11205000),
(17, 11, '05020201', 3635000, 0, 0, 0),
(18, 11, '0502020101', 3635000, 0, 0, 0),
(19, 11, '05020206', 4965000, 0, 0, 0),
(20, 11, '0502020602', 4965000, 0, 0, 0),
(21, 11, '05020211', 1400000, 0, 0, 1365000),
(22, 11, '0502021102', 1400000, 0, 0, 1365000),
(23, 11, '05020215', 250000000, 0, 0, 9840000),
(24, 11, '0502021502', 250000000, 0, 0, 9840000),
(25, 13, '05020201', 4650000, 0, 0, 1817500),
(26, 13, '050202', 30500000, 0, 0, 28534125),
(27, 14, '050202', 51200000, 0, 0, 28534125),
(28, 14, '05020201', 36750000, 0, 0, 1817500),
(29, 13, '0502020101', 4650000, NULL, NULL, 1817500),
(30, 14, '0502020101', 36750000, NULL, NULL, 1817500),
(31, 13, '05020206', 4965000, NULL, NULL, 765000),
(32, 13, '0502020602', 4965000, NULL, NULL, 765000),
(33, 14, '05020215', 125000000, NULL, NULL, 27018250),
(34, 13, '05020215', 125000000, NULL, NULL, 25650000),
(35, 13, '0502021502', 125000000, NULL, NULL, 25650000),
(36, 14, '0502021502', 125000000, NULL, NULL, 27018250),
(37, 14, '0502020201', 15450000, NULL, NULL, 10000000),
(38, 11, '0502020201', 15000000, NULL, NULL, 5000000),
(39, 14, '05020202', 15450000, 0, 0, 10000000);

-- --------------------------------------------------------

--
-- Table structure for table `tb_m_bulan`
--

DROP TABLE IF EXISTS `tb_m_bulan`;
CREATE TABLE IF NOT EXISTS `tb_m_bulan` (
  `nomor` char(2) NOT NULL,
  `nama_bulan` char(9) NOT NULL,
  PRIMARY KEY (`nomor`)
) ENGINE=InnoDB DEFAULT CHARSET=latin1;

--
-- Dumping data for table `tb_m_bulan`
--

INSERT INTO `tb_m_bulan` (`nomor`, `nama_bulan`) VALUES
('01', 'Januari'),
('02', 'Februari'),
('03', 'Maret'),
('04', 'April'),
('05', 'Mei'),
('06', 'Juni'),
('07', 'Juli'),
('08', 'Agustus'),
('09', 'September'),
('10', 'Oktober'),
('11', 'November'),
('12', 'Desember');

-- --------------------------------------------------------

--
-- Table structure for table `tb_m_pajak`
--

DROP TABLE IF EXISTS `tb_m_pajak`;
CREATE TABLE IF NOT EXISTS `tb_m_pajak` (
  `ID_PAJAK` char(1) NOT NULL,
  `NAMA_PAJAK` varchar(50) NOT NULL,
  PRIMARY KEY (`ID_PAJAK`)
) ENGINE=InnoDB DEFAULT CHARSET=latin1;

--
-- Dumping data for table `tb_m_pajak`
--

INSERT INTO `tb_m_pajak` (`ID_PAJAK`, `NAMA_PAJAK`) VALUES
('1', 'PPN'),
('2', 'PPh Pasal 21'),
('3', 'PPh Pasal 22'),
('4', 'PPh Pasal 23');

-- --------------------------------------------------------

--
-- Table structure for table `tb_m_pegawai`
--

DROP TABLE IF EXISTS `tb_m_pegawai`;
CREATE TABLE IF NOT EXISTS `tb_m_pegawai` (
  `PEG_NIP` char(18) NOT NULL,
  `PEG_NAMA` varchar(50) DEFAULT NULL,
  `PEG_GOL` varchar(5) DEFAULT NULL,
  `PEG_JAB` varchar(50) DEFAULT NULL,
  PRIMARY KEY (`PEG_NIP`)
) ENGINE=InnoDB DEFAULT CHARSET=latin1;

--
-- Dumping data for table `tb_m_pegawai`
--

INSERT INTO `tb_m_pegawai` (`PEG_NIP`, `PEG_NAMA`, `PEG_GOL`, `PEG_JAB`) VALUES
('195808161985081001', 'Agus Bunyamin', 'II/c', 'SDA'),
('195902101985032004', 'Sukmara, Amd', 'III/c', 'Pelaksana'),
('195910201986032004', 'Betty Rochaeti, S.Sos', 'III/b', 'SDA'),
('196007061985032010', 'Agah Nugraha', 'III/b', 'SDA'),
('196105081986032009', 'Teti Rosmiati', 'III/b', 'SDA'),
('196108051982102002', 'Darliah ', 'III/b', 'SDA'),
('196108151985011003', 'Drs. Diding Gusutardy,M.Pd.', 'IV/a', 'Kasubag Pendidikan'),
('196202101985031014', 'H. Asep A. Nurdin, S.Ip.,M.Si', 'III/d', 'Pelaksana'),
('196209061983082002', 'Aminah, Amd.', 'III/c', 'Pelaksana'),
('196209231988101001', 'Drs. H. Dady Iskandar, MM', 'IV/c', 'Kepala Biro'),
('196210161993031003', 'Hj. Ekarina Okteviani S,', 'IV/b', 'Kasubag Kebudayaan'),
('196301111988031000', 'Dr.H. Asep Hilman, M.Pd', 'IV/b', 'Kabag Pendidikan dan Kebudayaan'),
('196308292008011001', 'Enjang, SS', 'III/b', 'SDA'),
('196312231985031006', 'H. Kani, Amd.', 'III/b', 'SDA'),
('196404131991021001', 'Drs. Makmur Rizal, MM', 'IV/b', 'Kabag Agama'),
('196509051991031005', 'Wawan Herawan, SIP', 'III/c', 'SDA'),
('196602241989021002', 'Pantjawidi Dj SKM.M.Kes', 'III/d', 'Kasubag Kesmas'),
('196607242008011002', 'Drs. Julianto', 'III/c', 'Kasubag Kesling'),
('196607281993032001', 'Dra. H. Ani Srimulyani', 'IV/a', 'Pelaksana'),
('196708171990031001', 'Agus Suryana, S.Pd', 'III/b', 'SDA'),
('196711271993032007', 'Susi Susilawati, S.Ap', 'III/b', 'Pelaksana'),
('196801062009011001', 'M. Untung S.', 'II/b', 'SDA'),
('196802022007011007', 'Juan', 'II/a', 'SDA'),
('196802022007011008', 'Herman Suherman', 'II/b', 'SDA'),
('196909161991031011', 'Syarijuddin, S.Pd., M.Si.', 'III/d', 'Kasubag Pend. Agama'),
('197004242007012010', 'Hj. Imas Sukaesih', 'II/b', 'SDA'),
('197005011993031006', 'Saepuloh, A.KS.,M.M.Pd.', 'IV/a', 'Kasubag Pemb. Agama'),
('197006282007011004', 'Rudi Efendi', 'II/b', 'SDA'),
('197009132009021002', 'Dudi Herdiana, S.Ag', 'III/a', 'SDA'),
('197101312007011005', 'Memet Ahmadipraja', 'II/b', 'SDA'),
('197106042007011005', 'Didin Setiawan', 'II/b', 'SDA'),
('197205072007012011', 'A. Amalia', 'II/b', 'SDA'),
('197206172008011005', 'Bahrul Hayat, S.Ag', 'III/b', 'SDA'),
('197210222010011001', 'Encep Nurzaman, S.Ag', 'III/a', 'SDA'),
('197212082008011002', 'Oman Nuralam P S.Ag', 'III/b', 'SDA'),
('197308211998031002', 'Agus Sutrisna, S.Hut.,MM.', 'III/d', 'Kabag Lingkungan Hidup'),
('197410121998112001', 'Tri Wahyuni, SP.M.Si', 'III/b', 'SDA'),
('197504062010012004', 'Neni Nuriyah N, S.AG', 'III/a', 'SDA'),
('197603162009011005', 'Yosep Jomantara, S.Ag', 'III/b', 'SDA'),
('197604092009021002', 'Hasan Yusuf, S.TH.I', 'III/b', 'SDA'),
('197701312006042008', 'Poppi Sophia, SKM.M.Kes', 'III/b', 'SDA'),
('197711302008011001', 'Asep Ridwan', 'II/b', 'SDA'),
('197803272010011004', 'Diky M Syafe''i', 'III/a', 'SDA'),
('198107092010011009', 'MD. Syahrul Ramdhani', 'III/a', 'SDA');

-- --------------------------------------------------------

--
-- Table structure for table `tb_m_status_lpj`
--

DROP TABLE IF EXISTS `tb_m_status_lpj`;
CREATE TABLE IF NOT EXISTS `tb_m_status_lpj` (
  `STATUS_KODE` int(11) NOT NULL,
  `STATUS_NAMA` varchar(50) DEFAULT NULL,
  PRIMARY KEY (`STATUS_KODE`)
) ENGINE=InnoDB DEFAULT CHARSET=latin1;

--
-- Dumping data for table `tb_m_status_lpj`
--

INSERT INTO `tb_m_status_lpj` (`STATUS_KODE`, `STATUS_NAMA`) VALUES
(1, 'DALAM PENGERJAAN'),
(2, 'SELESAI'),
(3, 'SELESAI DAN DITANDATANGANI');

-- --------------------------------------------------------

--
-- Table structure for table `tb_m_uraian`
--

DROP TABLE IF EXISTS `tb_m_uraian`;
CREATE TABLE IF NOT EXISTS `tb_m_uraian` (
  `KODE_REK` varchar(18) NOT NULL,
  `URAIAN_NAMA` varchar(255) DEFAULT NULL,
  PRIMARY KEY (`KODE_REK`)
) ENGINE=InnoDB DEFAULT CHARSET=latin1;

--
-- Dumping data for table `tb_m_uraian`
--

INSERT INTO `tb_m_uraian` (`KODE_REK`, `URAIAN_NAMA`) VALUES
('04', 'Pendapatan Daerah'),
('0401', 'Pendapatan Asli Daerah'),
('040101', 'Pajak Daerah '),
('04010101', 'Pajak Kendaraan Bermotor '),
('0401010101', 'A-1 Sedan, Jeep, Station Wagon (Pribadi)'),
('0401010102', 'A-2 Sedan, Jeep, Station Wagon (Umum)'),
('0401010103', 'B-1 Bus, Micro Bus (Pribadi)'),
('0401010104', 'B-2 Bus, Micro Bus (Umum)'),
('0401010105', 'C-1 Truck, Pick Up (Pribadi)'),
('0401010106', 'C-2 Truck, Pick Up (Umum)'),
('0401010107', 'D-1 Kendaraan Khusus (Pribadi)'),
('0401010109', 'D-2 Kendaraan Khusus (Umum)'),
('0401010110', 'E-1 Sepeda Motor, Scooter (Pribadi)'),
('04010102', 'Pajak Kendaraan Di Atas Air '),
('0401010201', 'Pajak Kendaraan Di Atas Air'),
('04010103', 'Bea Balik Nama Kendaraan Bermotor '),
('0401010301', 'A-1 Sedan, Jeep, Station Wagon (Pribadi)'),
('0401010302', 'A-2 Sedan, Jeep, Station Wagon (Umum)'),
('0401010303', 'A-3 Sedan, Jeep, Station Wagon (Dinas)'),
('0401010304', 'B-1 Bus, Micro Bus (Pribadi)'),
('0401010305', 'B-2 Bus, Micro Bus (Umum)'),
('0401010306', 'B-3 Bus, Micro Bus (Dinas)'),
('0401010307', 'C-1 Truck, Pick Up (Pribadi)'),
('0401010308', 'C-2 Truck, Pick Up (Umum)'),
('0401010309', 'C-3 Truck, Pick Up (Dinas)'),
('0401010310', 'D-1 Kendaraan Khusus (Pribadi)'),
('0401010311', 'D-2 Kendaraan Khusus (Umum)'),
('0401010312', 'D-3 Kendaraan Khusus (Dinas)'),
('0401010313', 'E-1 Sepeda Motor, Scooter (Pribadi)'),
('0401010314', 'E-2 Sepeda Motor, Scooter (Dinas)'),
('04010104', 'Bea Balik nama Kendaraan Bermotor Di atas Air'),
('0401010401', 'Bea Balik nama Kendaraan Bermotor Di atas Air'),
('04010105', 'Pajak Bahan Bakar Kendaraan Bermotor '),
('04010105.01', 'Premium'),
('0401010502', 'Pertamax'),
('0401010503', 'Pertamax Plus'),
('0401010504', 'Solar '),
('0401010505', 'Gas'),
('04010106', 'Pajak Air '),
('0401010601', 'Pajak Pengambilan Pemanfaatan Air Permukaan'),
('04010107', 'Pajak Rokok'),
('0401010701', 'Pajak Rokok'),
('040102', 'Retribusi Daerah '),
('04010201', 'Retribusi Jasa Umum  '),
('0401020101', 'Retribusi Pelayanan Kesehatan'),
('040102010101', '1. Rumah Sakit Jiwa'),
('040102010102', '2. Rumah Sakit Paru'),
('040102010103', '3. Balai Kesehatan Paru Masyarakat Cirebon'),
('040102010104', '4. Balai Laboratorium Kesehatan'),
('040102010105', '5. Balai Kesehatan Kerja Masyarakat Bandung'),
('0401020102', 'Retribusi Pelayanan Tera/Tera Ulang'),
('040102010201', '1. Balai Kemeterologian Bogor'),
('040102010202', '2. Balai Kemeterologian Karawang'),
('040102010203', '3. Balai Kemeterologian Cirebon'),
('040102010204', '4. Balai Kemeterologian Bandung'),
('040102010205', '5. Balai Kemeterologian Tasikmalaya'),
('0401020103', 'Retribusi Pelayanan Pendidikan'),
('04010202', 'Retribusi Jasa Usaha '),
('0401020201', 'Retribusi Pemakaian Kekayaan Daerah '),
('040102020101', '1. Sewa Tanah dan Bangunan Dinas Bina Marga'),
('040102020102', '2. Sewa Alat Berat'),
('040102020103', '3. Sewa Gedung/Ruangan/Aula/Asrama'),
('04010202010301', 'a. Mess Pangandaran Dinas PSDA'),
('04010202010302', 'b. Dinas Tenaga Kerja dan Transmigrasi'),
('04010202010303', 'c. Dinas Kebudayaan dan Pariwisata'),
('0401020201030301', '1) Balai Taman Budaya'),
('0401020201030302', '2) Balai Museum Sribaduga'),
('0401020201030303', '3) Mess Pondok Seni Pangandaran'),
('04010202010304', 'd. Dinas Kesehatan'),
('0401020201030401', '1) Laboratorium Kesehatan'),
('0401020201030402', '2)BKPM'),
('0401020201030403', '3)Balai Pelatihan Kesehatan'),
('04010202010305', 'e. Rumah Sakit Jiwa'),
('04010202010306', 'f. Rumah Sakit Paru'),
('04010202010307', 'g. Dinas Perikanan'),
('0401020201030701', '1) BPTPK Cirebon'),
('0401020201030702', '2) Balai Pengujian dan Pembinaan Mutu Hasil Perikanan'),
('0401020201030703', '3) Balai Pelabuhan Perikanan Pantai Muara Asem'),
('04010202010308', 'h. Dinas Pertanian'),
('0401020201030801', '1) BPP Padi Cihea'),
('0401020201030802', '2) BPP Palawija'),
('0401020201030803', '3) BPP Hortikultura'),
('0401020201030804', '4) BPTPH'),
('0401020201030805', '5) BPSBTPH'),
('0401020201030806', '6) BAPELTAN'),
('0401020201030807', '7) KOPERASI PUSAT'),
('04010202010309', 'i. Dinas Sosial'),
('04010202010312', 'j. Dinas Industri dan Perdagangan'),
('0401020201031201', '1) Balai Perindustrian'),
('04010202010314', 'k. Dinas Pendapatan Provinsi Jawa Barat'),
('04010202010315', 'l. BKPP Wilayah Bogor'),
('04010202010316', 'm. BKPP Wilayah Purwakarta'),
('04010202010317', 'n. BKPP Wilayah Priangan'),
('04010202010318', 'o. Badan Pendidikan dan Pelatihan'),
('04010202010319', 'p. Biro Humas, Protokol dan Umum'),
('04010202010320', 'q. Biro Pelayanan Sosial Dasar'),
('0401020201032001', '1. LPTQ'),
('0401020201032002', '2. Pusda''i'),
('0401020201032003', '3. At Ta''awun'),
('040102020104', 'Sewa Peralatan Laboratorium/Jasa Pengujian'),
('04010202010401', 'a. Dinas Peternakan'),
('0401020201040101', '1) BPPPH dan Kesmapet'),
('0401020201040102', '2) BPMPT Cikole Lembang'),
('04010202010402', 'b. Dinas Energi Sumber Daya Mineral'),
('0401020201040201', '1) Balai Pengujian Laboratorium Energi dan Sumber Daya Mineral'),
('04010202010403', 'c. Dinas Perumahan dan Permukiman'),
('0401020201040301', '1) BPMKL'),
('0401020202', 'Retribusi Pelayanan Kepelabuhan '),
('0401020203', 'Retribusi Tempat Rekreasi dan Olah Raga'),
('040102020301', 'a. Dinas Kehutanan'),
('040102020302', 'b. Dinas Pemuda dan Olah Raga'),
('0401020204', 'Retribusi Penyebrangan di Air'),
('0401020205', 'Retribusi Penjualan Produk Usaha Daerah '),
('040102020501', '1. Dinas Pertanian dan Tanaman Pangan'),
('040102020502', '2. Dinas Peternakan'),
('040102020503', '3. Dinas Perikanan'),
('040102020504', '4. Dinas Perkebunan'),
('04010203', 'Retribusi Perizinan Tertentu '),
('0401020301', 'Retribusi Izin Trayek'),
('0401020302', 'Retribusi Izin Usaha Perikanan'),
('040103', 'Hasil Pengelolaan Kekayaan Daerah yang Dipisahkan '),
('04010301', 'Bagian Laba Atas Penyertaan Modal pada Perusahaan Milik Daerah/BUMD'),
('0401030101', 'Bagian Laba Atas Penyertaan Modal pada Perusahaan Daerah'),
('040103010101', '1. Bagian Laba Atas Penyertaan Modal pada PD. Agribisnis dan Pertambangan'),
('040103010102', '2. Bagian Laba Atas Penyertaan Modal pada PD. Jasa dan Kepariwisataan'),
('040103010103', '3. Bagian Laba Atas Penyertaan Modal pada PT. Agronesia'),
('040103010104', '4. Bagian Laba Atas Penyertaan Modal pada PT. Jasa Sarana'),
('0401030102', 'Bagian Laba Atas Penyertaan Modal pada Lembaga Keuangan Bank'),
('0401030102.01', '1. Bagian Laba Keuangan Bank PT. Bank Pembangunan Daerah'),
('0401030102.02', '2. Bagian Laba Keuangan Bank Bank Perkreditan Rakyat'),
('0401030102.03', '3. Bagian Laba Keuangan Bank Lembaga Perkreditan Kecamatan'),
('04010302', 'Bagian Laba Atas Penyertaan modal pada Perusahaan Milik Pemerintah/BUMN'),
('0401030201', 'Bagian Laba Atas Penyertaan modal pada Perusahaan Milik Pemerintah/BUMN'),
('04010303', 'Bagian Laba Atas Penyertaan Modal pada Perusahaan Patungan Milik Swasta'),
('0401030301', 'Perusahaan Patungan ….'),
('040104', 'Lain-lain Pendapatan Asli Daerah yang Sah'),
('04010401', 'Hasil Penjualan Aset Daerah yang Tidak Dipisahkan '),
('0401040101', 'Pelepasan Hak Atas Tanah'),
('0401040102', 'Penjualan Peralatan/Perlengkapan Kantor Tidak Terpakai '),
('0401040103', 'Penjualan Mesin/Alat-alat Berat Tidak Terpakai '),
('0401040104', 'Penjualan Rumah Jabatan/Rumah Dinas'),
('0401040105', 'Penjualan Kendaraan Dinas Roda Dua'),
('0401040106', 'Penjualan Kendaraan Dinas Roda Empat '),
('0401040107', 'Penjualan Drum Bekas '),
('0401040108', 'Penjualan Hasil Penebangan Pohon '),
('0401040109', 'Penjualan Lampu Hias Bekas'),
('0401040110', 'Penjualan Bahan-bahan Bekas Bangunan '),
('0401040111', 'Penjualan Perlengkapan Lalu Lintas '),
('0401040112', 'Penjualan Obat-obatan dan Hasil Farmasi '),
('0401040113', 'Penjualan Hasil Pertanian '),
('0401040114', 'Penjualan Hasil Kehutanan '),
('0401040115', 'Penjualan Hasil Perkebunan '),
('0401040116', 'Penjualan Hasil Peternakan '),
('0401040117', 'Penjualan Hasil Perikanan '),
('0401040118', 'Penjualan Hasil Sitaan '),
('04010402', 'Jasa Giro'),
('0401040201', 'Jasa Giro Kas Daerah '),
('0401040202', 'Jasa Giro Pemegang Kas'),
('0401040203', 'Jasa Giro Dana Cadangan '),
('04010403', 'Pendapatan Bunga'),
('0401040301', 'Rekening Deposito pada Bank  Pembangunan Daerah (Bank Jabar)-PAD'),
('0401040302', 'Rekening Deposito pada Bank  Pembangunan Daerah (Bank Jabar)-DCD'),
('04010404', 'Tuntutan Ganti Rugi (TGR)'),
('0401040401', 'Kerugian Uang Daerah '),
('0401040402', 'Kerugian Barang Daerah'),
('04010405', 'Komisi, Potongan dan Keuntungan Selisih Nilai Tukar Rupiah '),
('0401040501', 'Penerimaan Komisi '),
('0401040502', 'Penerimaan Potongan '),
('0401040503', 'Penerimaan Keuntungan Selisih Nilai Tukar Rupiah '),
('04010406', 'Pendapatan Denda Atas Keterlambatan Pelaksanaan Pekerjaan '),
('0401040601', 'Bidang Pendidikan '),
('0401040602', 'Bidang Kesehatan '),
('0401040603', 'Bidang Pekerjaan Umum '),
('0401040604', 'Bidang Perumahan Rakyat'),
('0401040605', 'Bidang Penataan Ruang '),
('0401040606', 'Bidang Perencanaan Pembangunan '),
('0401040607', 'Bidang Perhubungan '),
('0401040608', 'Bidang Lingkungan Hidup'),
('0401040609', 'Bidang Pertanahan '),
('0401040610', 'Bidang Pertanian '),
('0401040611', 'Bidang Perdagangan '),
('0401040612', 'Bidang Perindustrian '),
('0401040613', 'Bidang Pariwisata'),
('0401040614', 'Bidang Kebudayaan '),
('0401040615', 'Bidang Pemerintahan '),
('04010407', 'Pendapatan Denda Pajak '),
('0401040701', 'Pendapatan Denda Pajak Kendaraan Bermotor'),
('0401040702', 'Pendapatan Denda Pajak Bea Balik Nama Kendaraan Bermotor'),
('0401040703', 'Pendapatan Denda Pajak Kendaraan di Air'),
('0401040704', 'Pendapatan Denda Pajak Bea Balik Nama Kendaraan di Air'),
('0401040705', 'Pendapatan Denda Pajak Air Permukaan '),
('0401040707', 'Pendapatan Denda Pajak Bahan Bakar Kendaraan Bermotor '),
('0401040708', 'Pendapatan Denda Pajak Rokok '),
('04010408', 'Pendapatan Denda Retribusi '),
('0401040801', 'Pendapatan Denda Retribusi Jasa Umum '),
('0401040802', 'Pendapatan Denda Retribusi Jasa Usaha '),
('0401040803', 'Pendapatan Denda Retribusi Perizinan Tertentu'),
('04010409', 'Pendapatan Hasil Eksekusi Atas Jaminan '),
('0401040901', 'Hasil Eksekusi Jaminan Atas Pelaksanaan Pekerjaan '),
('0401040902', 'Hasil Eksekusi Jaminan Atas Pembongkaran Reklame'),
('04010410', 'Pendapatan dari Pengembalian '),
('0401041001', 'Pendapatan dan Pengembalian Pajak Penghasilan Pasal 21'),
('0401041002', 'Pendapatan dari Pengembalian Kelebihan Pembayaran Asuransi Kesehatan '),
('0401041003', 'Pendapatan dari Pengembalian Kelebihan Pembayaran Gaji dan Tunjangan '),
('0401041004', 'Pendapatan dari Pengembalian Kelebihan Pembayaran Perjalanan Dinas'),
('0401041005', 'Pendapatan dari Pengembalian Uang Muka'),
('0401041006', 'Pendapatan dari Pengembalian TASPEN'),
('0401041007', 'Pendapatan dari Pengembalian Dana Operasional Siswa (BOS)'),
('0401041008', 'Pendapatan dari Pengembalian Belanja Subsidi'),
('0401041009', 'Pendapatan dari Pengembalian Belanja Hibah '),
('0401041010', 'Pendapatan dari Pengembalian Belanja Sosial '),
('0401041011', 'Pendapatan dari Pengembalian Belanja Bantuan Keuangan '),
('04010411', 'Fasilitas Sosial dan Fasilitas Umum '),
('0401041101', 'Fasilitas Sosial '),
('0401041102', 'Fasilitas Umum '),
('04010412', 'Pendapatan dari Penyelenggaraan Pendidikan dan Pelatihan '),
('0401041201', 'Uang Pendaftaran/Ujian Masuk '),
('0401041202', 'Uang Sekolah/Pendidikan dan Pelatihan '),
('0401041203', 'Uang Ujian Kenaikan Tingkat/Kelas'),
('04010413', 'Pendapatan dari Angsuran/Cicilan Penjualan'),
('0401041301', 'Angsuran/Cicilan Penjualan Rumah Dinas '),
('0401041302', 'Angsuran/Cicilan Penjualan Kendaraan Perorangan Dinas '),
('0401041303', 'Angsuran/Cicilan Ganti Kerugian Barang Milik Daerah '),
('0401041304', 'Angsuran/Cicilan Penjualan Tanah '),
('04010414', 'Penerimaan dari Taman Hutan Raya (TAHURA)'),
('04010415', 'Pendapatan dari Sewa'),
('0401041501', 'Sewa Tanah dan Bangunan  '),
('0401041502', 'Sewa Alat-alat Berat'),
('0401041503', 'Sewa Gedung/Ruangan/Aula/Asrama/Mess'),
('0401041504', 'Sewa Lahan (Tanah, Tambak dan sejenisnya)'),
('0401041505', 'Sewa Tempat Olah Raga'),
('0401041506', 'Sewa Tempat Rekreasi '),
('04010416', 'Pendapatan Badan Layanan Umum Daerah (BLUD)'),
('0401041601', 'Pendapatan BLUD Rumah Sakit Daerah'),
('04010417', 'Hasil Pengelolaan Dana Bergulir '),
('0401041701', 'Dari Kelompok Masyarakat '),
('04010418', 'Pendapatan Penerimaan Lain-lain'),
('0402', 'DANA PERIMBANGAN '),
('040201', 'Dana Bagi Hasil Pajak/Bagi Hasil Bukan Pajak '),
('04020101', 'Bagi Hasil Pajak '),
('0402010101', 'Bagi Hasil dari Pajak Bumi dan Bangunan '),
('0402010102', 'Bagi Hasil dari Bea Perolehan Hak Atas Tanah dan Bangunan'),
('0402010103', 'Bagi Hasil dari Pajak Penghasilan (PPh) Pasal 25 dan Pasal 29 Wajib Pajak Orang Pribadi Dalam Negeri dan PPh Pasal 21'),
('0402010104', 'Bagi Hasil Cukai Hasil Tembakau'),
('04020102', 'Bagi Hasil Bukan Pajak/Sumber Daya Alam '),
('0402010201', 'Bagi Hasil dari Iuran Hak Pengusahaan Hutan '),
('0402010202', 'Bagi Hasil dari Provisi Sumber Daya Hutan '),
('0402010203', 'Bagi Hasil dari Dana Reboisasi '),
('0402010204', 'Bagi Hasil dari Iuran Tetap (Land-Rent)'),
('0402010205', 'Bagi Hasil dari Iuran Eksplorasi dan Iuran Eksploitasi (Royalti)'),
('0402010206', 'Bagi Hasil dari Pungutan Pengusahaan Perikanan '),
('0402010207', 'Bagi Hasil dari Pungutan Hasil Perikanan'),
('0402010208', 'Bagi Hasil dari Pertambangan Minyak Bumi '),
('0402010209', 'Bagi Hasil dari Pertambangan Gas Bumi/Alam '),
('0402010210', 'Bagi Hasil dari Pertambangan Panas Bumi'),
('040202', 'Dana Alokasi Umum '),
('04020201', 'Dana Alokasi Umum  '),
('0402020101', 'Dana Alokasi Umum  '),
('040203', 'Dana Alokasi Khusus '),
('04020301', 'Dana Alokasi Khusus '),
('0402030101', 'Dana Alokasi Khusus '),
('0403', 'LAIN-LAIN PENDAPATAN DAERAH YANG SAH '),
('040301', 'Pendapatan Hibah '),
('04030101', 'Pendapatan Hibah dari Pemerintah'),
('0403010101', 'Pendapatan Hibah dari Pemerintah …..'),
('04030102', 'Pendapatan Hibah dari Pemerintah Daerah lainnya'),
('0403010201', 'Pemerintah Daerah dari Pemerintah Daerah lainnya ….'),
('04030103', 'Pendapatan Hibah dari Badan/Lembaga/Organisasi Swasta Dalam Negeri '),
('0403010301', 'Badan/Lembaga/Organisasi Swasta'),
('0403010302', 'Bantuan Pihak Ketiga'),
('040301030201', 'Bantuan PT. Jasa Raharja (Persero)'),
('040301030202', 'I P E P (Iuran Pembiayaan Eksploitasi dan Pemeliharaan Prasarana Pengairan)'),
('04030104', 'Pendapatan Hibah dari Kelompok Masyarakat/Perorangan '),
('0403010401', 'Kelompok Masyarakat/Perorangan '),
('04030105', 'Pendapatan Hibah dari Luar Negeri '),
('0403010501', 'Pendapatan Hibah dari Bilateral'),
('0403010502', 'Pendapatan Hibah dari Multilateral'),
('0403010503', 'Pendapatan Hibah dari Donor Lainnya'),
('040302', 'Dana Darurat '),
('04030201', 'Penanggulangan Korban/Kerusakan Akibat Bencana Alam '),
('0403020101', 'Korban/Kerusakan Akibat Bencana Alam'),
('040303', 'Dana Bagi Hasil Pajak dari Provinsi dan Pemerintah Daerah Lainnya'),
('04030301', 'Dana Bagi Hasil Pajak dari Provinsi '),
('0403030101', 'Dana Bagi Hasil Pajak dari Provinsi '),
('04030302', 'Dana Bagi Hasil Pajak dari Kabupaten '),
('0403030201', 'Dana Bagi Hasil Pajak dari Kabupaten  '),
('04030303', 'Dana Bagi Hasil Pajak dari Kota '),
('0403030301', 'Dana Bagi Hasil Pajak dari Kota  '),
('040304', 'Dana Penyesuaian dan Otonomi Khusus'),
('04030401', 'Dana Penyesuaian '),
('0403040101', 'Dana Penyesuaian '),
('04030402', 'Dana Otonomi Khusus '),
('0403040201', 'Dana Otonomi Khusus '),
('040305', 'Bantuan Keuangan dari Provinsi/Pemerintah Daerah Lainnya'),
('04030501', 'Bantuan Keuangan dari Provinsi '),
('0403050101', 'Bantuan Keuangan dari Provinsi  '),
('04030502', 'Bantuan Keuangan dari Kabupaten '),
('0403050201', 'Bantuan Keuangan dari Kabupaten  '),
('04030503', 'Bantuan Keuangan dari Kota'),
('0403050301', 'Bantuan Keuangan dari Kota  '),
('040306', 'Lain-lain Penerimaan'),
('04030601', 'Lain-lain Penerimaan'),
('05', 'BELANJA '),
('0501', 'Belanja Tidak Langsung'),
('050101', 'Belanja Pegawai'),
('05010101', 'Gaji dan Tunjangan '),
('0501010101', 'Gaji pokok PNS/ Uang Representasi '),
('0501010102', 'Tunjangan Istri/Suami PNS'),
('0501010103', 'Tunjangan Anak PNS'),
('0501010104', 'Tunjangan Jabatan PNS'),
('0501010105', 'Tunjangan Fungsional PNS'),
('0501010106', 'Tunjangan Umum PNS'),
('0501010107', 'Tunjangan Beras PNS'),
('0501010108', 'Tunjangan PPh/Tunjangan Khusus PNS'),
('0501010109', 'Pembulatan Gaji PNS'),
('0501010110', 'Iuran Asuransi Kesehatan PNS'),
('05010102', 'Tambahan Penghasilan PNS'),
('0501010201', 'Tambahan Penghasilan Berdasarkan Beban Kerja '),
('0501010202', 'Tambahan Penghasilan Berdasarkan Tempat Bertugas '),
('0501010203', 'Tambahan Penghasilan Berdasarkan Kondisi Kerja '),
('0501010204', 'Tambahan Penghasilan Berdasarkan Kelangkaan Profesi '),
('0501010205', 'Tambahan Penghasilan Berdasarkan Prestasi Kerja '),
('0501010206', 'Tambahan Penghasilan Berdasarkan Pertimbangan Objektif Lainnya'),
('05010103', 'Biaya Pemungutan Pajak'),
('0501010301', 'Biaya Pemungutan PBB'),
('05010104', 'Insentif Pemungutan Pajak Daerah'),
('0501010401', 'Insentif Pemungutan Pajak Daerah'),
('05010105', 'Insentif Pemungutan Retribusi Daerah'),
('0501010501', 'Insentif Pemungutan Retribusi Daerah'),
('05010106', 'Gaji dan Tunjangan DPRD'),
('0501010601', 'Uang Representasi'),
('0501010602', 'Tunjangan Keluarga'),
('0501010603', 'Tunjangan Jabatan'),
('0501010604', 'Tunjangan Beras'),
('0501010605', 'Tunjangan PPh/Tunjangan Khusus'),
('0501010606', 'Pembulatan Gaji'),
('0501010607', 'Iuran Asuransi Kesehatan'),
('0501010608', 'Uang Paket'),
('0501010609', 'Tunjangan Badan Musyawarah'),
('0501010610', 'Tunjangan Komisi'),
('0501010611', 'Tunjangan Badan Anggaran'),
('0501010612', 'Tunjangan Badan Kehormatan'),
('0501010613', 'Tunjangan Alat Kelengkapan Lainnya'),
('0501010614', 'Tunjangan Perumahan'),
('0501010615', 'Uang Duka Wafat/Tewas'),
('0501010616', 'Uang Jasa Pengabdian'),
('0501010617', 'Belanja Penunjang Operasional Pimpinan DPRD'),
('0501010618', 'Pembulatan Gaji'),
('05010107', 'Belanja Penerimaan Lainnya Pimpinan dan Anggota DPRD'),
('0501010701', 'Biaya Penunjang Komunikasi Intensif Pimpinan dan Anggota DPRD'),
('05010108', 'Gaji dan Tunjangan Gubernur/Wakil Gubernur'),
('0501010801', 'Gaji Pokok'),
('0501010802', 'Tunjangan Istri/Suami'),
('0501010803', 'Tunjangan Anak'),
('0501010804', 'Tunjangan Jabatan'),
('0501010805', 'Tunjangan Beras'),
('0501010806', 'Tunjangan PPh/Tunjangan Khusus'),
('0501010807', 'Pembulatan Gaji'),
('0501010808', 'Iuran Asuransi Kesehatan'),
('0501010809', 'Pembulatan Gaji'),
('05010109', 'Belanja Penerimaan  Lainnya Gubernur/Wakil Gubernur'),
('05010109.01', 'Biaya Penunjang Operasional Gubernur/Wakil Gubernur'),
('050102', 'Belanja Bunga'),
('05010201', 'Bunga Utang Pinjaman '),
('0501020101', 'Bunga Utang Jangka Pendek Kepada Pemerintah '),
('0501020102', 'Bunga Utang Jangka Pendek Kepada Pemerintah Daerah Lainnya'),
('0501020103', 'Bunga Utang Jangka Pendek Kepada Lembaga Keuangan Bank '),
('0501020104', 'Bunga Utang Jangka Pendek Kepada Lembaga Keuangan Bukan Bank '),
('05010202', 'Bunga Utang Obligasi '),
('0501020201', 'Bunga Utang Obligasi'),
('050103', 'Belanja Subsidi'),
('05010301', 'Belanja Subsidi Kepada Perusahaan/Lembaga '),
('0501030101', 'Belanja Subsidi Kepada Perusahaan ….'),
('0501030102', 'Belanja Subsidi Kepada Lembaga ….'),
('050104', 'Belanja Hibah'),
('05010401', 'Belanja Hibah Kepada Pemerintah'),
('0501040101', 'Pemerintah Pusat ….'),
('05010402', 'Belanja Hibah Kepada Pemerintah Daerah Lainnya'),
('0501040201', 'Pemerintah Daerah ….'),
('05010403', 'Belanja Hibah Kepada Perusahaan Daerah/BUMD/BUMN'),
('0501040301', 'Perusahaan Daerah/BUMD/BUMN '),
('05010404', 'Belanja Hibah Kepada Masyarakat'),
('0501040401', 'Masyarakat ….'),
('05010405', 'Belanja Hibah Kepada Organisasi Kemasyarakatan'),
('0501040501', 'Organisasi Kemasyarakatan ….'),
('05010406', 'Belanja Hibah Dana BOS'),
('0501040601', 'Belanja Hibah Dana BOS ke SD ….'),
('0501040602', 'Belanja Hibah Dana BOS ke SMP ….'),
('0501040603', 'Belanja Hibah Dana BOS ke SMA ….'),
('050105', 'Belanja Bantuan Sosial'),
('05010501', 'Belanja Bantuan Sosial Kepada Organisasi Sosial Kemasyarakatan'),
('0501050101', 'Belanja Bantuan Sosial Organisasi Kemasyarakatan….'),
('05010502', 'Belanja Bantuan Sosial Kepada Kelompok Masyarakat'),
('0501050201', 'Belanja Bantuan Sosial Kepada Kelompok Masyarakat….'),
('05010503', 'Belanja Bantuan Sosial Kepada Anggota Masyarakat'),
('0501050301', 'Belanja Bantuan Sosial Kepada Anggota Masyarakat….'),
('050106', 'Belanja Bagi Hasil'),
('05010601', 'Belanja Bagi Hasil Pajak Daerah Kepada Provinsi'),
('0501060101', 'Belanja Bagi Hasil Pajak Daerah Kepada Provinsi ….'),
('05010602', 'Belanja Bagi Hasil Pajak Daerah Kepada Kabupaten/Kota'),
('0501060201', 'Belanja Bagi Hasil Pajak Daerah Kepada Kabupaten/Kota….'),
('05010603', 'Belanja Bagi Hasil Pajak Daerah Kepada Desa'),
('0501060301', 'Belanja Bagi Hasil Pajak Daerah Kepada Desa ….'),
('05010604', 'Belanja Bagi Hasil Retribusi Daerah Kepada Kabupaten/Kota'),
('0501060401', 'Belanja Bagi Hasil Retribusi Daerah Kepada Kabupaten/Kota ….'),
('05010605', 'Belanja Bagi Hasil Retribusi Daerah Kepada Pemerintahan Desa'),
('0501060501', 'Belanja Bagi Hasil Retribusi Daerah Kepada Pemerintahan Desa ….'),
('050107', 'Belanja Bantuan Keuangan'),
('05010701', 'Belanja Bantuan Keuangan Kepada Provinsi '),
('0501070101', 'Belanja Bantuan Keuangan Kepada Provinsi ….'),
('05010702', 'Belanja Bantuan Keuangan Kepada Kabupaten/Kota '),
('0501070201', 'Belanja Bantuan Keuangan Kepada Kabupaten/Kota ….'),
('05010703', 'Belanja Bantuan Keuangan Kepada Pemerintahan Desa '),
('0501070301', 'Belanja Bantuan Keuangan Kepada Pemerintahan Desa ….'),
('05010704', 'Belanja Bantuan Keuangan Kepada Partai Politik'),
('0501070401', 'Belanja Bantuan Keuangan Kepada Partai Politik ….'),
('05010705', 'Belanja Bantuan Keuangan kepada Pemerintah Daerah/Pemerintahan Desa lainnya '),
('0501070501', 'Belanja Bantuan Keuangan kepada Provinsi Lainnya ….'),
('0501070502', 'Belanja Bantuan Keuangan kepada Kabupaten/Kota Lainnya ….'),
('0501070503', 'Belanja Bantuan Keuangan kepada Pemerintahan Desa Lainnya ….'),
('050108', 'Belanja Tidak Terduga'),
('05010801', 'Belanja Tidak Terduga'),
('0501080101', 'Belanja Tidak Terduga….'),
('0502', 'Belanja Langsung'),
('050201', 'Belanja Pegawai'),
('05020101', 'Honorarium PNS Provinsi'),
('0502010101', 'Honorarium Panitia Pelaksana Kegiatan'),
('0502010102', 'Honorarium Pengadaan Barang dan Jasa'),
('0502010103', 'Uang Saku'),
('05020102', 'Honorarium PNS Non Provinsi'),
('0502010201', 'Uang Saku '),
('0502010202', 'Uang Pengganti Transport'),
('05020103', 'Honorarium Non PNS'),
('0502010301', 'Honorarium Pegawai Honorer/Tidak Tetap '),
('0502010302', 'Uang Saku '),
('0502010303', 'Uang Pengganti Transport '),
('05020104', 'Uang Lembur '),
('0502010401', 'Uang Lembur PNS'),
('0502010402', 'Uang Lembur Non PNS'),
('05020105', 'Uang Jahit Pakaian'),
('0502010501', 'Uang Jahit Pakaian Dinas'),
('05020106', 'Dukungan Biaya Rintisan Usaha'),
('0502010601', 'Dukungan Biaya Rintisan Usaha Bagi PNS yang akan Pensiun'),
('050202', 'Belanja Barang dan Jasa'),
('05020201', 'Belanja Bahan Pakai Habis '),
('0502020101', 'Belanja Alat Tulis Kantor'),
('0502020102', 'Belanja Dokumen/Administrasi Tender'),
('0502020103', 'Belanja Alat Listrik dan Elektronik '),
('0502020104', 'Belanja Perangko, Materai dan Benda Pos'),
('0502020105', 'Belanja Peralatan Kebersihan dan Bahan Pembersih '),
('0502020106', 'Belanja Bahan Bakar Minyak/Gas '),
('0502020107', 'Belanja Pengisian Tabung Pemadam Kebakaran '),
('0502020108', 'Belanja Pengisian Tabung Gas '),
('0502020109', 'Belanja Kit pelatihan'),
('0502020110', 'Belanja Dekorasi dan Desain Interior/Eksterior'),
('0502020111', 'Belanja Alat Kesehatan/Alat Kedokteran Pakai Habis'),
('0502020112', 'Belanja Peralatan Bangunan habis pakai'),
('0502020113', 'Belanja Peralatan Pengolah Tanah dan Tanaman habis pakai'),
('0502020114', 'Belanja Peralatan Perikanan/ Pertanian/ Peternakan/ Perkebunan/ Kehutanan habis pakai'),
('0502020115', 'Belanja Plakat/Vandel/Piala/Cinderamata/Karangan Bunga/Souvenir'),
('0502020116', 'Belanja Dokumentasi dan Publikasi'),
('0502020117', 'Belanja Peralatan/Perlengkapan Olah Raga Pakai Habis'),
('0502020118', 'Belanja Alat-alat Rumah Tangga/Dapur Pakai Habis'),
('05020202', 'Belanja Bahan/Material '),
('0502020201', 'Belanja Bahan Baku Bangunan '),
('0502020202', 'Belanja Bibit Pohon/Tanaman '),
('0502020203', 'Belanja Bibit Ternak/Hewan  '),
('0502020204', 'Belanja Bahan Obat-obatan'),
('0502020205', 'Belanja Bahan Laboratorium'),
('0502020206', 'Belanja Bahan Percontohan/Praktek'),
('0502020207', 'Belanja Bahan Pakan Ternak/hewan'),
('0502020208', 'Belanja Bahan Makanan '),
('0502020209', 'Belanja Pupuk'),
('0502020210', 'Belanja Bahan Pengemasan/packing barang '),
('05020203', 'Belanja Jasa Kantor'),
('0502020301', 'Belanja Langganan Telepon'),
('0502020302', 'Belanja Langganan Air'),
('0502020303', 'Belanja Langganan Listrik'),
('0502020304', 'Belanja Langganan Surat Kabar/Majalah'),
('0502020305', 'Belanja Jasa Kawat/Faksimil/Internet'),
('0502020306', 'Belanja Jasa Paket/Pengiriman'),
('0502020307', 'Belanja Sertifikasi'),
('0502020308', 'Belanja Jasa Transaksi Keuangan '),
('0502020309', 'Belanja Jasa Administrasi Pemungutan Pajak Penerangan Jalan Umum '),
('0502020310', 'Belanja Jasa Administrasi Pemungutan Pajak Bahan Bakar Kendaraan Bermotor'),
('0502020311', 'Belanja Jasa Pengumuman Lelang/Pemenang Lelang'),
('0502020312', 'Belanja Jasa Penerangan/Iklan/Reklame, Film, Pemotretan'),
('0502020313', 'Belanja Jasa Kesehatan'),
('0502020314', 'Belanja Pajak'),
('0502020315', 'Belanja Iuran Wajib Tahunan '),
('0502020316', 'Belanja Jasa Kebersihan (Clining Service)'),
('0502020317', 'Belanja Jasa Keamanan'),
('0502020319', 'Belanja Jasa Uji Laboratorium/Uji Sampling'),
('0502020320', 'Belanja Surat Tanda Nomor Kendaraan '),
('0502020321', 'Belanja Perpanjangan Surat Ijin Mengemudi '),
('0502020322', 'Belanja Jasa KIR'),
('0502020323', 'Belanja Jasa Profesi'),
('0502020324', 'Belanja Jasa Pengurusan Perkara Hukum'),
('0502020325', 'Belanja Jasa Penyelenggaraan Acara/Event Organizer'),
('0502020326', 'Belanja Jasa Boga'),
('0502020327', 'Belanja Jasa Akomodasi'),
('0502020328', 'Belanja Jasa Pembersihan, Pengendalian Hama (Pest Control) dan Fumigasi'),
('0502020329', 'Belanja Jasa Penulisan dan Penerjemahan'),
('0502020330', 'Belanja Jasa Pengelolaan Aset'),
('0502020331', 'Belanja Jasa Penjahitan/Konveksi'),
('0502020332', 'Belanja Jasa Layanan Pendidikan, Pengembangan Sumber Daya Manusia dan Kependudukan'),
('0502020333', 'Belanja Jasa Pengukuran Tanah'),
('0502020334', 'Belanja Jasa Pencucian Pakaian/Alat Kesenian dan Budaya/Rumah Tangga'),
('0502020335', 'Belanja Jasa Penambahan Daya'),
('0502020336', 'Belanja Jasa Langganan TV berbayar'),
('05020204', 'Belanja Premi Asuransi '),
('0502020401', 'Belanja Premi Asuransi Kesehatan '),
('0502020402', 'Belanja Premi Asuransi Barang Milik Daerah '),
('05020205', 'Belanja Perawatan Kendaraan Bermotor'),
('0502020501', 'Belanja Service'),
('0502020502', 'Belanja Penggantian Suku Cadang '),
('0502020503', 'Belanja Pelumas'),
('05020206', 'Belanja Cetak dan Penggandaan'),
('0502020601', 'Belanja Cetak '),
('0502020602', 'Belanja Penggandaan/Fotocopy'),
('0502020603', 'Belanja Penjilidan '),
('05020207', 'Belanja Sewa Rumah/Gedung/Gudang/Parkir'),
('0502020701', 'Belanja Sewa Rumah Jabatan/Rumah Dinas'),
('0502020702', 'Belanja Sewa Gedung/Kantor/Tempat/Kamar/Gudang '),
('0502020703', 'Belanja Sewa Ruang Rapat/Pertemuan'),
('0502020704', 'Belanja Sewa Tempat Parkir/Ruang Tambat/Hanggaran Sarana Mobilitas'),
('05020208', 'Belanja Sewa Sarana Mobilitas '),
('0502020801', 'Belanja Sewa Sarana Mobilitas Darat'),
('0502020802', 'Belanja Sewa Sarana Mobilitas Air'),
('0502020803', 'Belanja Sewa Sarana Mobilitas Udara '),
('05020209', 'Belanja Sewa Alat Berat'),
('0502020901', 'Belanja Sewa Eskavator'),
('0502020902', 'Belanja Sewa Buldozer'),
('0502020903', 'Belanja Sewa Tracktor'),
('0502020904', 'Belanja Sewa Stoom Walls'),
('0502020905', 'Belanja Sewa Crane'),
('0502020906', 'Belanja Sewa Dumb Truck'),
('0502020907', 'Belanja Sewa Mesin Pengolah Semen '),
('0502020908', 'Belanja Sewa Mesin Pengolah Air Bersih (Reservoir Osmosis)'),
('0502020909', 'Belanja Sewa Pengadaan Alat Pengangkat/Forklift'),
('05020210', 'Belanja Sewa Perlengkapan dan Peralatan Kantor'),
('0502021001', 'Belanja Sewa Meja Kursi '),
('0502021002', 'Belanja Sewa Komputer/Printer'),
('0502021003', 'Belanja Sewa Proyektor/Layar/Screen'),
('0502021004', 'Belanja Sewa Generator '),
('0502021005', 'Belanja Sewa Tenda/Stand Pameran/Panggung'),
('0502021006', 'Belanja Sewa Pakaian Adat/Tradisional/Upacara/Tarian'),
('0502021007', 'Belanja Sewa Sound System/Alat Musik/Alat Studio'),
('0502021008', 'Belanja Sewa Mesin Fotocopy'),
('0502021009', 'Belanja Sewa Alat Penerangan'),
('0502021010', 'Belanja Sewa Pendingin Udara'),
('0502021011', 'Belanja Sewa Alat Komunikasi '),
('0502021012', 'Belanja Sewa Alat Ukur '),
('0502021013', 'Belanja Sewa Perlengkapan dan Peralatan Olah Raga'),
('0502021014', 'Belanja Sewa Alat Percontohan/Alat Praktek Pelatihan '),
('05020211', 'Belanja Makanan dan Minuman '),
('0502021101', 'Belanja Makanan dan Minuman Piket/Jaga'),
('0502021102', 'Belanja Makanan dan Minuman Rapat'),
('0502021103', 'Belanja Makanan dan Minuman Tamu'),
('0502021104', 'Belanja Makanan dan Minuman Pasien/Atlit/Panti'),
('0502021105', 'Belanja Makanan dan Minuman Diklat, Seminar, Pelatihan, Lokakarya dan Sejenisnya'),
('0502021106', 'Belanja Makanan dan Minuman Lembur  '),
('0502021107', 'Belanja Minuman Air Mineral/Galon'),
('05020212', 'Belanja Pakaian Dinas dan Atributnya'),
('0502021201', 'Belanja Pakaian Sipil Harian (PSH)'),
('0502021202', 'Belanja Pakaian Sipil Lengkap (PSL)'),
('0502021203', 'Belanja Pakaian Dinas Harian (PDH)'),
('0502021204', 'Belanja Pakaian Dinas Upacara (PDU)'),
('0502021205', 'Belanja Pakaian Dinas Resmi (PSR)'),
('05020213', 'Belanja Pakaian Kerja '),
('0502021301', 'Belanja Pakaian Kerja Lapangan '),
('05020214', 'Belanja Pakaian Khusus dan Hari-hari Tertentu'),
('0502021401', 'Belanja Pakaian KORPRI'),
('0502021402', 'Belanja Pakaian Adat Daerah'),
('0502021403', 'Belanja Pakaian Batik Tradisional '),
('0502021404', 'Belanja Pakaian Olahraga'),
('0502021405', 'Belanja Pakaian Pasien '),
('0502021406', 'Belanja Pakaian Perawat'),
('05020215', 'Belanja Perjalanan Dinas PNS Provinsi '),
('0502021501', 'Belanja Perjalanan Dinas Dalam Kota/Kabupaten PNS Provinsi'),
('0502021502', 'Belanja Perjalanan Dinas Dalam Daerah PNS Provinsi'),
('0502021503', 'Belanja Perjalanan Dinas Luar Provinsi PNS Provinsi'),
('0502021504', 'Belanja Perjalanan Dinas Luar Negeri PNS Provinsi'),
('05020216', 'Belanja Perjalanan Dinas PNS Non Provinsi'),
('0502021601', 'Belanja Perjalanan Dinas Dalam Kota/Kabupaten PNS Non Provinsi'),
('0502021602', 'Belanja Perjalanan Dinas Dalam Daerah PNS Non Provinsi'),
('0502021603', 'Belanja Perjalanan Dinas Luar Provinsi PNS Non Provinsi'),
('0502021604', 'Belanja Perjalanan Dinas Luar Negeri PNS Non Provinsi'),
('05020217', 'Belanja Perjalanan Dinas Non PNS '),
('0502021701', 'Belanja Perjalanan Dinas Dalam Kota/Kabupaten Non PNS'),
('0502021702', 'Belanja Perjalanan Dinas Dalam Daerah Non PNS'),
('0502021703', 'Belanja Perjalanan Dinas Luar Provinsi Non PNS'),
('0502021704', 'Belanja Perjalanan Dinas Luar Negeri Non PNS'),
('05020218', 'Belanja Perjalanan Pindah Tugas'),
('0502021801', 'Belanja Perjalanan Pindah Tugas Dalam Daerah '),
('0502021802', 'Belanja Perjalanan Pindah Tugas Luar Daerah '),
('05020219', 'Belanja Pemulangan Pegawai'),
('0502021901', 'Belanja Pemulangan Pegawai yang Pensiun Dalam Daerah '),
('0502021902', 'Belanja Pemulangan Pegawai yang Pensiun Luar Daerah '),
('0502021903', 'Belanja Pemulangan Pegawai yang Tewas dalam Melaksanakan Tugas '),
('05020220', 'Belanja Jasa Konsultansi'),
('0502022001', 'Belanja Jasa Konsultansi Penelitian'),
('0502022002', 'Belanja Jasa Konsultansi Perencanaan (Planning)'),
('0502022003', 'Belanja Jasa Konsultansi Pengawasan (Supervision)'),
('0502022004', 'Belanja Jasa Konsultansi Teknologi Informasi'),
('0502022005', 'Belanja Jasa Konsultansi Manajemen/Keuangan/SDM'),
('0502022006', 'Belanja Jasa Konsultansi Hukum/Politik/Ekonomi/Sosial/Seni dan Budaya'),
('0502022007', 'Belanja Jasa Konsultansi Penilaian/Appraisial'),
('0502022008', 'Belanja Jasa Konsultansi Rekayasa (Engineering)'),
('0502022009', 'Belanja Jasa Konsultansi Perancangan (Design)'),
('05020221', 'Belanja  Pemeliharaan'),
('0502022101', 'Belanja Pemeliharaan Alat-alat Berat'),
('0502022102', 'Belanja Pemeliharaan Alat Angkutan Darat Tidak Bermotor'),
('0502022103', 'Belanja Pemeliharaan Alat Angkutan Darat Bermotor'),
('0502022104', 'Belanja Pemeliharaan Alat Angkutan Diatas Air Bermotor'),
('0502022105', 'Belanja Pemeliharaan Komputer'),
('0502022106', 'Belanja Pemeliharaan Alat Bengkel dan Alat Ukur'),
('0502022107', 'Belanja Pemeliharaan Alat Pertanian dan Peternakan'),
('0502022108', 'Belanja Pemeliharaan Peralatan/Perlengkapan Kantor '),
('0502022109', 'Belanja Pemeliharaan Alat Rumah Tangga'),
('0502022110', 'Belanja Pemeliharaan Alat Studio dan Alat Komunikasi'),
('0502022111', 'Belanja Pemeliharaan Alat Kedokteran'),
('0502022112', 'Belanja Pemeliharaan Alat Laboratorium'),
('0502022113', 'Belanja Pemeliharaan Alat Peraga / Praktek Sekolah'),
('0502022114', 'Belanja Pemeliharaan Buku Perpustakaan dan Arsip'),
('05020222', 'Belanja Pemeliharan Jasa  Konstruksi'),
('0502022201', 'Belanja Pemeliharaan Gedung dan Bangunan'),
('0502022202', 'Belanja Pemeliharaan Jalan dan Jembatan'),
('0502022203', 'Belanja Pemeliharaan Irigasi'),
('0502022204', 'Belanja Pemeliharaan Bangunan Air'),
('0502022205', 'Belanja Pemeliharaan Instalasi Jaringan'),
('0502022206', 'Belanja Pemeliharaan Halaman/Taman/Pekarangan'),
('0502022207', 'Belanja Pemeliharaan Lampu Jalan'),
('0502022208', 'Belanja Pemeliharaan Bangunan Bukan Gedung'),
('05020223', 'Belanja Beasiswa Pendidikan PNS'),
('0502022301', 'Belanja Beasiswa Tugas Belajar D3'),
('0502022302', 'Belanja Beasiswa Tugas Belajar S1'),
('0502022303', 'Belanja Beasiswa Tugas Belajar S2'),
('0502022304', 'Belanja Beasiswa Tugas Belajar S3'),
('05020224', 'Belanja Kursus, Pelatihan, Sosialisasi dan Bimbingan Teknis '),
('0502022401', 'Belanja Kursus-Kursus Singkat/Pelatihan'),
('0502022402', 'Belanja Sosialisasi'),
('0502022403', 'Belanja Bimbingan Teknis'),
('05020225', 'Belanja Bantuan Sosial Barang'),
('0502022501', 'Belanja Bantuan Sosial Barang yang Diserahkan Kepada Pihak Ketiga/Masyarakat pada SKPD'),
('05020226', 'Belanja Hibah Barang/Jasa'),
('0502022601', 'Belanja Hibah Barang/Jasa yang Diserahkan Kepada Pihak Ketiga/Masyarakat pada SKPD'),
('05020227', 'Belanja Uang/Barang untuk Diberikan kepada Pemenang Perlombaan/Kompetisi/Kejuaraan'),
('0502022701', 'Belanja Uang untuk diberikan kepada Pemenang Perlombaan/Kompetisi/Kejuaraan'),
('0502022702', 'Belanja Barang untuk diberikan kepada Pemenang Perlombaan/Kompetisi/Kejuaraan'),
('050203', 'Belanja Modal'),
('05020301', 'Belanja Modal Pengadaan Tanah '),
('0502030101', 'Belanja Modal Pengadaan Tanah Kantor'),
('0502030102', 'Belanja Modal Pengadaan Tanah Sarana Kesehatan Rumah Sakit'),
('0502030103', 'Belanja Modal Pengadaan Tanah Sarana Kesehatan Puskesmas '),
('0502030104', 'Belanja Modal Pengadaan Tanah Sarana Kesehatan Poliklinik '),
('0502030105', 'Belanja Modal Pengadaan Tanah Sarana Pendidikan'),
('0502030106', 'Belanja modal tanah bangunan tempat kerja/jasa'),
('0502030107', 'Belanja modal tanah bangunan pengairan'),
('0502030108', 'Belanja modal tanah bangunan peternakan'),
('0502030109', 'Belanja modal tanah bangunan jalan dan jembatan'),
('0502030110', 'Belanja modal tanah Lembiran/Bantaran/Lepe-Lepe/Setren'),
('0502030111', 'Belanja modal tanah pertambangan'),
('0502030112', 'Belanja modal tanah untuk bangunan bukan gedung'),
('0502030113', 'Belanja modal tanah untuk bangunan instalasi'),
('0502030114', 'Belanja modal tanah untuk bangunan jaringan'),
('0502030115', 'Belanja modal tanah untuk bangunan bersejarah'),
('0502030116', 'Belanja modal tanah untuk bangunan tempat ibadah'),
('0502030117', 'Belanja modal tanah untuk Panti/Asrama'),
('05020302', 'Belanja Modal Pengadaan Alat-alat Berat'),
('0502030201', 'Belanja Modal Pengadaan Traktor '),
('0502030202', 'Belanja Modal Pengadaan Buldozer '),
('0502030203', 'Belanja Modal Pengadaan Stoom Wals'),
('0502030204', 'Belanja Modal Pengadaan Eskavator'),
('0502030205', 'Belanja Modal Pengadaan Dump Truck '),
('0502030206', 'Belanja Modal Pengadaan Crane'),
('0502030207', 'Belanja Modal Pengadaan Kendaraan Penyapu Jalan '),
('0502030208', 'Belanja Modal Pengadaan Mesin Pengolah Semen '),
('0502030209', 'Belanja Modal Pengadaan Mesin Pengolah Air Bersih (Reservoir Osmosis)'),
('0502030210', 'Belanja Modal Pengadaan alat Pengangkat/Forklift '),
('05020303', 'Belanja Modal Pengadaan Alat-alat Angkutan Darat Bermotor'),
('0502030301', 'Belanja Modal Pengadaan Alat-alat Angkutan Darat Bermotor Sedan '),
('0502030302', 'Belanja Modal Pengadaan Alat-alat Angkutan Darat Bermotor Jeep'),
('0502030303', 'Belanja Modal Pengadaan Alat-alat Angkutan Darat Bermotor Station Wagon '),
('0502030304', 'Belanja Modal Pengadaan Alat-alat Angkutan Darat Bermotor Bus'),
('0502030305', 'Belanja Modal Pengadaan Alat-alat Angkutan Darat Bermotor Micro Bus'),
('0502030306', 'Belanja Modal Pengadaan Alat-alat Angkutan Darat Bermotor Truck '),
('0502030307', 'Belanja Modal Pengadaan Alat-alat Angkutan Darat Bermotor Tangki (Air, Minyak, Tinja)'),
('0502030308', 'Belanja Modal Pengadaan Alat-alat Angkutan Darat Bermotor Boks '),
('0502030309', 'Belanja Modal Pengadaan Alat-alat Angkutan Darat Bermotor Pick Up'),
('0502030310', 'Belanja Modal Pengadaan Alat-alat Angkutan Darat Bermotor Ambulance'),
('0502030311', 'Belanja Modal Pengadaan Alat-alat Angkutan Darat Bermotor Pemadam Kebakaran '),
('0502030312', 'Belanja Modal Pengadaan Alat-alat Angkutan Darat Bermotor Sepeda Motor'),
('0502030313', 'Belanja Modal Pengadaan Alat-alat Angkutan Darat Bermotor Lift'),
('0502030314', 'Belanja Modal Pengadaan Alat-alat Angkutan Darat Bermotor Tangga Berjalan '),
('0502030315', 'Belanja Modal Pengadaan Alat-alat Angkutan Darat Bermotor Khusus'),
('05020304', 'Belanja Modal Pengadaan Alat-alat Angkutan Darat Tidak Bermotor '),
('0502030401', 'Belanja Modal Pengadaan Gerobak '),
('0502030402', 'Belanja Modal Pengadaan Pedati/Delmen/Dokar/Bendi/Cidomo/Andong'),
('0502030403', 'Belanja Modal Pengadaan Becak '),
('0502030404', 'Belanja Modal Pengadaan Sepeda'),
('0502030405', 'Belanja Modal Pengadaan Karavan '),
('05020305', 'Belanja Modal Pengadaan Alat-alat Angkutan di Atas Air Bermotor '),
('0502030501', 'Belanja Modal Pengadaan Kapal Motor '),
('0502030502', 'Belanja Modal Pengadaan Kapal Feri '),
('0502030503', 'Belanja Modal Pengadaan Speed Boat '),
('0502030504', 'Belanja Modal Pengadaan Motor Boat/Motor Stempel '),
('0502030505', 'Belanja Modal Pengadaan Hydro Foil '),
('0502030506', 'Belanja Modal Pengadaan Jet Foil '),
('0502030507', 'Belanja Modal Pengadaan Kapal Tug Boat'),
('0502030508', 'Belanja Modal Pengadaan Kapal Tanker'),
('0502030509', 'Belanja Modal Pengadaan Kapal Kargo'),
('05020306', 'Belanja Modal Pengadaan Alat-alat Angkutan di Atas Air Tidak Bermotor'),
('0502030601', 'Belanja Modal Pengadaan Perahu Layar'),
('0502030602', 'Belanja Modal Pengadaan Perahu Sampan '),
('0502030603', 'Belanja Modal Pengadaan Perahu Tongkang'),
('0502030604', 'Belanja Modal Pengadaan Perahu Karet '),
('0502030605', 'Belanja Modal Pengadaan Perahu Rakit '),
('0502030606', 'Belanja Modal Pengadaan Perahu Sekoci'),
('05020307', 'Belanja Modal Pengadaan Alat-alat Angkutan Udara '),
('0502030701', 'Belanja Modal Pengadaan Pesawat Kargo'),
('0502030702', 'Belanja Modal Pengadaan Pesawat Penumpang '),
('0502030703', 'Belanja Modal Pengadaan Pesawat Helikopter'),
('0502030704', 'Belanja Modal Pengadaan Pesawat Pemadam Kebakaran '),
('0502030705', 'Belanja Modal Pengadaan Pesawat Capung '),
('0502030706', 'Belanja Modal Pengadaan Pesawat Terbang Ampibi '),
('0502030707', 'Belanja Modal Pengadaan Pesawat Terbang Layang'),
('05020308', 'Belanja Modal Pengadaan Alat-alat Bengkel '),
('0502030801', 'Belanja Modal Pengadaan Mesin Las'),
('0502030802', 'Belanja Modal Pengadaan Mesin Bubut'),
('0502030803', 'Belanja Modal Pengadaan Mesin Dongkrak '),
('0502030804', 'Belanja Modal Pengadaan Mesin Kompresor'),
('0502030805', 'Belanja Modal Pengadaan Peralatan Bengkel Mesin '),
('0502030806', 'Belanja Modal Pengadaan Peralatan Bengkel Elektro '),
('0502030807', 'Belanja Modal Pengadaan Peralatan Bengkel Kayu '),
('0502030808', 'Belanja Modal Pengadaan Peralatan Bengkel Otomotif '),
('0502030809', 'Belanja Modal Pengadaan Peralatan Bengkel Pengujian'),
('0502030810', 'Belanja Modal Pengadaan Peralatan Mesin Bengkel Hidrolik '),
('05020309', 'Belanja Modal Pengadaan Alat-alat Pengolahan Pertanian dan Peternakan '),
('0502030901', 'Belanja Modal Pengadaan Penggiling Hasil Pertanian '),
('0502030902', 'Belanja Modal Pengadaan Alat Pengering Gabah '),
('0502030903', 'Belanja Modal Pengadaan Mesin Bajak '),
('0502030904', 'Belanja Modal Pengadaan Alat Penetas '),
('0502030905', 'Belanja Modal Pengadaan Mesin Pemotong Rumput'),
('0502030906', 'Belanja Modal Pengadaan Alat Pemeliharaan Pertamanan'),
('0502030907', 'Belanja Modal Pengadaan Alat Pengolah Hasil Ternak dan Hewan '),
('05020310', 'Belanja Modal Pengadaan Peralatan Kantor '),
('0502031001', 'Belanja Modal Pengadaan Mesin Tik '),
('0502031002', 'Belanja Modal Pengadaan Mesin Hitung '),
('0502031003', 'Belanja Modal Pengadaan Mesin Stensil '),
('0502031004', 'Belanja Modal Pengadaan Mesin Fotocopy'),
('0502031005', 'Belanja Modal Pengadaan Mesin Cetak '),
('0502031006', 'Belanja Modal Pengadaan Mesin Jilid'),
('0502031007', 'Belanja Modal Pengadaan Mesin Potong Kertas'),
('0502031008', 'Belanja Modal Pengadaan Mesin Penghancur Kertas'),
('0502031009', 'Belanja Modal Pengadaan Mesin Tulis Elektronik '),
('0502031010', 'Belanja Modal Pengadaan Visual Elektronik '),
('0502031011', 'Belanja Modal Pengadaan Tabung Pemadam Kebakaran '),
('0502031012', 'Belanja Modal Pengadaan Mesin Gambar '),
('0502031013', 'Belanja Modal Pengadaan Papan Tulis'),
('0502031014', 'Belanja Modal Pengadaan Radio/Tape/VCD/DVD'),
('05020311', 'Belanja Modal Pengadaan Perlengkapan Kantor'),
('0502031101', 'Belanja Modal Pengadaan Meja Gambar '),
('0502031102', 'Belanja Modal Pengadaan Almari '),
('0502031103', 'Belanja Modal Pengadaan Brankas '),
('0502031104', 'Belanja Modal Pengadaan Filling Kabinet'),
('0502031105', 'Belanja Modal Pengadaan Mesin Jahit'),
('0502031106', 'Belanja Modal Pengadaan Penunjuk Waktu '),
('0502031107', 'Belanja Modal Pengadaan Alat Pendingin Ruangan'),
('0502031108', 'Belanja Modal Pengadaan Papan Nama'),
('0502031109', 'Belanja Modal Pengadaan Water Heater'),
('0502031110', 'Belanja Modal Pengadaan Trolly'),
('0502031111', 'Belanja Modal Pengadaan Setrika'),
('0502031112', 'Belanja Modal Pengadaan Televisi'),
('0502031113', 'Belanja Modal Pengadaan Vacum Cleaner'),
('0502031114', 'Belanja Modal Pengadaan Exhaust Fan'),
('0502031115', 'Belanja Modal Pengadaan Mesin Cuci'),
('0502031116', 'Belanja Modal Pengadaan Pompa Air'),
('0502031117', 'Belanja Modal Pengadaan Genset'),
('0502031118', 'Belanja Modal Peralatan Olah Raga'),
('0502031119', 'Belanja Modal Pengadaan Podium/Mimbar'),
('0502031120', 'Belanja Modal Pengadaan Lambang-Lambang Pemerintah/Negara '),
('0502031121', 'Belanja modal Pengadaan Tangga'),
('05020312', 'Belanja Modal Pengadaan Komputer'),
('0502031201', 'Belanja Modal Pengadaan Komputer Mainframe/Server'),
('0502031202', 'Belanja Modal Pengadaan Komputer PC'),
('0502031203', 'Belanja Modal Pengadaan Komputer Note Book '),
('0502031204', 'Belanja Modal Pengadaan Printer'),
('0502031205', 'Belanja Modal Pengadaan Scanner '),
('0502031206', 'Belanja Modal Pengadaan Monitor/Display'),
('0502031207', 'Belanja Modal Pengadaan CPU'),
('0502031208', 'Belanja Modal Pengadaan UPS/Stabilizer'),
('0502031209', 'Belanja Modal Pengadaan Kelengkapan/Accesoris Komputer dan Jaringan'),
('05020313', 'Belanja Modal Pengadaan Meubelair'),
('0502031301', 'Belanja Modal Pengadaan Meja Kerja '),
('0502031302', 'Belanja Modal Pengadaan Meja Rapat'),
('0502031303', 'Belanja Modal Pengadaan Meja Makan '),
('0502031304', 'Belanja Modal Pengadaan Kursi Kerja'),
('0502031305', 'Belanja Modal Pengadaan Kursi Rapat '),
('0502031306', 'Belanja Modal Pengadaan Kursi Makan '),
('0502031307', 'Belanja Modal Pengadaan Tempat Tidur '),
('0502031308', 'Belanja Modal Pengadaan Sofa'),
('0502031309', 'Belanja Modal Pengadaan Rak Buku/TV/Kembang '),
('0502031310', 'Belanja Modal Pengadaan Kursi Tunggu '),
('05020314', 'Belanja Modal Pengadaan Peralatan Dapur '),
('0502031401', 'Belanja Modal Pengadaan Tabung Gas'),
('0502031402', 'Belanja Modal Pengadaan Kompor Gas'),
('0502031403', 'Belanja Modal Pengadaan Lemari Makan '),
('0502031404', 'Belanja Modal Pengadaan Dispenser '),
('0502031405', 'Belanja Modal Pengadaan Kulkas '),
('0502031406', 'Belanja Modal Pengadaan Rak Piring '),
('0502031407', 'Belanja Modal Pengadaan Alat Dapur '),
('0502031408', 'Belanja Modal Microwave'),
('0502031409', 'Belanja Modal Pengadaan Rice Cooker '),
('05020315', 'Belanja Modal Pengadaan Penghias Ruangan Rumah Tangga'),
('0502031501', 'Belanja Modal Pengadaan Lampu Hias '),
('0502031502', 'Belanja Modal Pengadaan Jam Dinding/Meja'),
('0502031503', 'Belanja Modal Pengadaan Gordyn'),
('0502031504', 'Belanja Modal Pengadaan Karpet'),
('0502031505', 'Belanja Modal Pengadaan Penyekat Ruangan '),
('05020316', 'Belanja Modal Pengadaan Alat-alat Studio'),
('0502031601', 'Belanja Modal Pengadaan Kamera'),
('0502031602', 'Belanja Modal Pengadaan Handycam '),
('0502031603', 'Belanja Modal Pengadaan Proyektor'),
('0502031604', 'Belanja Modal Pengadaan Sound System'),
('0502031605', 'Belanja Modal Pengadaan Layar/Screen'),
('05020317', 'Belanja Modal Pengadaan Alat-alat Komunikasi '),
('0502031701', 'Belanja Modal Pengadaan Telepon/Smartphone'),
('0502031702', 'Belanja Modal Pengadaan Faximili '),
('0502031703', 'Belanja Modal Pengadaan Radio SSB'),
('0502031704', 'Belanja Modal Pengadaan Radio HF/FM (Handy Talkie)'),
('0502031705', 'Belanja Modal Pengadaan Radio VHF'),
('0502031706', 'Belanja Modal Pengadaan Radio UHF'),
('0502031707', 'Belanja Modal Pengadaan Alat Sandi'),
('0502031708', 'Belanja Modal Pengadaan Alat Pemancar/Antena '),
('05020318', 'Belanja Modal Pengadaan Alat-alat Ukur'),
('0502031801', 'Belanja Modal Pengadaan Timbangan '),
('0502031802', 'Belanja Modal Pengadaan Teodolite'),
('0502031803', 'Belanja Modal Pengadaan Alat Uji Emisi '),
('0502031804', 'Belanja Modal Pengadaan Alat GPS'),
('0502031805', 'Belanja Modal Pengadaan Kompas/Peralatan Navigasi '),
('0502031806', 'Belanja Modal Pengadaan Bejana Ukur '),
('0502031807', 'Belanja Modal Pengadaan Barometer'),
('0502031808', 'Belanja Modal Pengadaan Seismograph'),
('0502031809', 'Belanja Modal Pengadaan Ultrasonograph'),
('0502031810', 'Belanja Modal Pengadaan Alat Pengukur Kecepatan/Stopwatch'),
('05020319', 'Belanja Modal Pengadaan Alat-alat Kedokteran '),
('0502031901', 'Belanja Modal Pengadaan Alat-alat Kedokteran Umum '),
('0502031902', 'Belanja Modal Pengadaan Alat-alat Kedokteran Gigi '),
('0502031903', 'Belanja Modal Pengadaan Alat-alat Kedokteran THT'),
('0502031904', 'Belanja Modal Pengadaan Alat-alat Kedokteran Mata'),
('0502031905', 'Belanja Modal Pengadaan Alat-alat Kedokteran Bedah '),
('0502031906', 'Belanja Modal Pengadaan Alat-alat Kedokteran Anak '),
('0502031907', 'Belanja Modal Pengadaan Alat-alat Kedokteran Kebidanan dan Penyakit Kandungan '),
('0502031908', 'Belanja Modal Pengadaan Alat-alat Kedokteran Kulit dan Kelamin '),
('0502031909', 'Belanja Modal Pengadaan Alat-alat Kedokteran Kardiologi '),
('0502031910', 'Belanja Modal Pengadaan Alat-alat Kedokteran Neurologi '),
('0502031911', 'Belanja Modal Pengadaan Alat-alat Kedokteran Orthopedi'),
('0502031912', 'Belanja Modal Pengadaan Alat-alat Kedokteran Hewan '),
('0502031913', 'Belanja Modal Pengadaan Alat-alat Farmasi'),
('0502031914', 'Belanja Modal Pengadaan Alat-alat Penyakit Dalam/Internis'),
('05020320', 'Belanja Modal Pengadaan Alat-alat Laboratorium '),
('0502032001', 'Belanja Modal Pengadaan Alat-alat Laboratorium Biologi'),
('0502032002', 'Belanja Modal Pengadaan Alat-alat Laboratorium Fisika/Geologi/Geodesi'),
('0502032003', 'Belanja Modal Pengadaan Alat-alat Laboratorium Kimia'),
('0502032004', 'Belanja Modal Pengadaan Alat-alat Laboratorium Pertanian '),
('0502032005', 'Belanja Modal Pengadaan Alat-alat Laboratorium Peternakan '),
('0502032006', 'Belanja Modal Pengadaan Alat-alat Laboratorium Perkebunan '),
('0502032007', 'Belanja Modal Pengadaan Alat-alat Laboratorium Perikanan '),
('0502032008', 'Belanja Modal Pengadaan Alat-alat Laboratorium Bahasa'),
('0502032009', 'Belanja Modal Pengadaan Alat-alat Peraga/Praktik Sekolah '),
('0502032010', 'Belanja Modal Pengadaan Alat-alat Laboratorium  Kebinamargaan'),
('0502032011', 'Belanja Modal Pengadaan Alat-alat Laboratorium  Pengairan'),
('0502032012', 'Belanja Modal Pengadaan Alat-alat Laboratorium  Pertambangan dan Energi'),
('0502032013', 'Belanja Modal Pengadaan Alat-alat Laboratorium  Kemetrologian'),
('05020321', 'Belanja Modal Pengadaan Konstruksi Jalan '),
('0502032101', 'Belanja Modal Pengadaan Konstruksi Jalan '),
('0502032102', 'Belanja Modal Pengadaan Konstruksi Jalan Fly Over'),
('0502032103', 'Belanja Modal Pengadaan Konstruksi Jalan Under Pass'),
('05020322', 'Belanja Modal Pengadaan Konstruksi Jembatan '),
('0502032201', 'Belanja Modal Pengadaan Konstruksi Jembatan Gantung'),
('0502032202', 'Belanja Modal Pengadaan Konstruksi Jembatan Ponton '),
('0502032203', 'Belanja Modal Pengadaan Konstruksi Penyebrangan Orang '),
('0502032204', 'Belanja Modal Pengadaan Konstruksi Penyebrangan diatas Air'),
('05020323', 'Belanja Modal Pengadaan Konstruksi Jaringan Air'),
('0502032301', 'Belanja Modal Pengadaan Konstruksi Bendungan'),
('0502032302', 'Belanja Modal Pengadaan Konstruksi Waduk '),
('0502032303', 'Belanja Modal Pengadaan Konstruksi Kanal Permukaan '),
('0502032304', 'Belanja Modal Pengadaan Konstruksi Kanah Bawah Tanah '),
('0502032305', 'Belanja Modal Pengadaan Konstruksi Jaringan Irigasi '),
('0502032306', 'Belanja Modal Pengadaan Konstruksi Jaringan Air Bersih/Air Minum '),
('0502032307', 'Belanja Modal Pengadaan Konstruksi Resevoir'),
('0502032308', 'Belanja Modal Pengadaan Konstruksi Pintu Air'),
('05020324', 'Belanja Modal Pengadaan Penerangan Jalan, Taman, dan Hutan Kota'),
('0502032401', 'Belanja Modal Pengadaan Lampu Hias Jalan '),
('0502032402', 'Belanja Modal Pengadaan Lampu Hias Taman '),
('0502032403', 'Belanja Modal Pengadaan Lampu Penerang Hutan Kota'),
('05020325', 'Belanja Modal Pengadaan Instalasi Listrik dan Telepon '),
('0502032501', 'Belanja Modal Pengadaan Instalasi Listrik '),
('0502032502', 'Belanja Modal Pengadaan Instalasi Telepon '),
('05020326', 'Belanja Modal Pengadaan Konstruksi/Pembelian Bangunan '),
('0502032601', 'Belanja Modal Pengadaan Konstruksi/Pembelian Bangunan Kantor'),
('0502032602', 'Belanja Modal Pengadaan Konstruksi/Pembelian Rumah Jabatan '),
('0502032603', 'Belanja Modal Pengadaan Konstruksi/Pembelian Rumah Dinas');
INSERT INTO `tb_m_uraian` (`KODE_REK`, `URAIAN_NAMA`) VALUES
('0502032604', 'Belanja Modal Pengadaan Konstruksi/Pembelian Gedung Gudang'),
('0502032605', 'Belanja Modal Pengadaan Konstruksi/Pembelian Bangunan Bersejarah '),
('0502032606', 'Belanja Modal Pengadaan Konstruksi/Pembelian Bangunan Monumen '),
('0502032607', 'Belanja Modal Pengadaan Konstruksi/Pembelian Tugu Peringatan '),
('0502032608', 'Belanja Modal Pengadaan Konstruksi Fisik/Bangunan Bukan Gedung'),
('0502032609', 'Belanja Modal Pengadaan Konstruksi Fisik/Bangunan Laboratorium'),
('0502032610', 'Belanja Modal Pengadaan Konstruksi Pengelolaan Limbah'),
('0502032611', 'Belanja Modal Pengadaan Konstruksi Penangkal Petir'),
('05020327', 'Belanja Modal Pengadaan Buku/Perpustakaan '),
('0502032701', 'Belanja Modal Pengadaan Buku Matematika '),
('0502032702', 'Belanja Modal Pengadaan Buku Fisika'),
('0502032703', 'Belanja Modal Pengadaan Buku Kimia '),
('0502032704', 'Belanja Modal Pengadaan Buku Biologi'),
('0502032705', 'Belanja Modal Pengadaan Buku Biografi'),
('0502032706', 'Belanja Modal Pengadaan Buku Geografi'),
('0502032707', 'Belanja Modal Pengadaan Buku Astronomi'),
('0502032708', 'Belanja Modal Pengadaan Buku Arkeologi'),
('0502032709', 'Belanja Modal Pengadaan Buku Bahasa dan Sastra'),
('0502032710', 'Belanja Modal Pengadaan Buku Keagamaan '),
('0502032711', 'Belanja Modal Pengadaan Buku Sejarah '),
('0502032712', 'Belanja Modal Pengadaan Buku Seni dan Budaya'),
('0502032713', 'Belanja Modal Pengadaan Buku Ilmu Pengetahuan Umum '),
('0502032714', 'Belanja Modal Pengadaan Buku Ilmu Pengetahuan Sosial '),
('0502032715', 'Belanja Modal Pengadaan Buku Ilmu Politik dan Ketatanegaraan '),
('0502032716', 'Belanja Modal Pengadaan Buku Ilmu Pengetahuan dan Teknologi '),
('0502032717', 'Belanja Modal Pengadaan Buku Ensiklopedia'),
('0502032718', 'Belanja Modal Pengadaan Buku Kamus Bahasa'),
('0502032719', 'Belanja Modal Pengadaan Buku Ekonomi dan Keuangan '),
('0502032720', 'Belanja Modal Pengadaan Buku Industri dan Perdagangan '),
('0502032721', 'Belanja Modal Pengadaan Buku Peraturan Perundang-undangan '),
('0502032722', 'Belanja Modal Pengadaan Buku Naskah'),
('0502032723', 'Belanja Modal Pengadaan Terbitan Berkala (Jurnal, Compact Disk)'),
('0502032724', 'Belanja Modal Pengadaan Pengadaan Mikrofilm'),
('0502032725', 'Belanja Modal Pengadaan Pengadaan Peta/Atlas/Globe'),
('05020328', 'Belanja Modal Pengadaan Barang Bercorak Kesenian dan Kebudayaan '),
('0502032801', 'Belanja Modal Pengadaan Lukisan/Foto'),
('0502032802', 'Belanja Modal Pengadaan Patung'),
('0502032803', 'Belanja Modal Pengadaan Ukiran '),
('0502032804', 'Belanja Modal Pengadaan Pahatan '),
('0502032805', 'Belanja Modal Pengadaan Batu Alam '),
('0502032806', 'Belanja Modal Pengadaan Maket/Miniatur/Diorama'),
('0502032807', 'Belanja Modal Pengadaan Peralatan Kesenian'),
('05020329', 'Belanja Modal Pengadaan Hewan/Ternak dan Pohon/Tanaman '),
('0502032901', 'Belanja Modal Pengadaan Hewan Kebun Binatang '),
('0502032902', 'Belanja Modal Pengadaan Ternak '),
('0502032903', 'Belanja Modal Pengadaan Tanaman '),
('05020330', 'Belanja Modal Pengadaan Alat-alat Persenjataan/Keamanan '),
('0502033001', 'Belanja Modal Pengadaan Senjata Api'),
('0502033002', 'Belanja Modal Pengadaan Radar'),
('0502033003', 'Belanja Modal Pengadaan Mobil Water Canon'),
('0502033004', 'Belanja Modal Pengadaan Borgol '),
('0502033005', 'Belanja Modal Pengadaan Sangkur/Bayonet'),
('0502033006', 'Belanja Modal Pengadaan Perisai/Tameng'),
('0502033007', 'Belanja Modal Pengadaan Detektor Logam'),
('0502033008', 'Belanja Modal Pengadaan Rompi Anti Peluru'),
('0502033009', 'Belanja Modal Pengadaan Pentungan '),
('0502033010', 'Belanja Modal Pengadaan Helm'),
('0502033011', 'Belanja Modal Pengadaan Alarm/Sirine'),
('0502033012', 'Belanja Modal Pengadaan Sentolop/Senter'),
('05020331', 'Belanja Modal Software'),
('0502033101', 'Belanja Modal Software Jadi'),
('05020332', 'Belanja Modal Dana BOS '),
('0502033201', 'Belanja Modal Dana BOS '),
('06', 'PEMBIAYAAN DAERAH '),
('0601', 'PENERIMAAN PEMBIAYAAN DAERAH '),
('060101', 'SISA LEBIH PERHITUNGAN ANGGARAN DAERAH TAHUN SEBELUMNYA'),
('06010101', 'Pelampauan Penerimaan PAD'),
('0601010101', 'Pajak Daerah '),
('0601010102', 'Retribusi Daerah '),
('0601010103', 'Hasil Pengelolaa Kekayaan Daerah yang Dipisahkan '),
('0601010104', 'Lain-lain PAD yang Sah'),
('06010102', 'Pelampauan Penerimaan Dana Perimbangan '),
('0601010201', 'Bagi Hasil Pajak '),
('0601010202', 'Bagi Hasil Bukan Pajak/Sumber Daya Alam '),
('06010103', 'Pelampauan Penerimaan Lain-lain Pendapatan Daerah yang Sah'),
('06010104', 'Sisa Penghematan Belanja atau Akibat Lainnya '),
('0601010401', 'Belanja Pegawai dari Belanja Tidak Langsung'),
('0601010402', 'Belanja Pegawai dari Belanja Langsung'),
('0601010403', 'Belanja Barang dan Jasa '),
('0601010404', 'Belanja Modal '),
('0601010405', 'Belanja Bunga'),
('0601010406', 'Belanja Subsidi'),
('0601010407', 'Belanja Hibah '),
('0601010408', 'Belanja Bantuan Sosial '),
('0601010409', 'Belanja Belanja Bagi Hasil '),
('0601010410', 'Belanja Bantuan Keuangan '),
('0601010411', 'Belanja Tidak Terduga'),
('06010105', 'Kewajiban kepada Pihak Ketiga Sampai Dengan Akhir Tahun Belum Terselesaikan '),
('0601010501', 'Uang Jaminan '),
('0601010502', 'Potongan Taspen '),
('0601010503', 'Potongan Beras '),
('0601010504', 'Askes'),
('06010106', 'Kegiatan Lanjutan '),
('0601010601', 'Kegiatan Lanjutan….'),
('060102', 'PENCAIRAN DANA CADANGAN '),
('060102.01', 'Pencairan Dana Cadangan '),
('060102.01.01', 'Pencairan Dana Cadangan Nomor '),
('060103', 'HASIL PENJUALAN KEKAYAAN DAERAH YANG DIPISAHKAN '),
('060103.01', 'Hasil Penjualan Perusahaan Milik Daerah/BUMD'),
('060103.01.01', 'Perusahaan Milik Daerah/BUMD....'),
('060103.02', 'Hasil Penjualan Aset Milik Pemerintah Daerah yang Dikerjasamakan dengan Pihak Ketiga'),
('060103.02.01', 'Hasil Penjualan Aset Milik Pemerintah Daerah yang Dikerjasamakan dengan Pihak Ketiga'),
('060104', 'PENERIMAAN PINJAMAN DAERAH '),
('06010401', 'Penerimaan Pinjaman Daerah dari Pemerintah '),
('0601040101', 'Penerusan Pinjaman ……'),
('06010402', 'Penerimaan Pinjaman Daerah dari Pemerintah Daerah lain '),
('0601040201', 'Pemerintah Daerah ………'),
('06010403', 'Penerimaan Pinjaman Daerah dari Lembaga Keuangan Bank'),
('0601040301', 'Bank ……….'),
('06010404', 'Penerimaan Pinjaman Daerah dari Lembaga Keuangan Bukan Bank'),
('0601040401', 'Lembaga Keuangan Bukan Bank ………'),
('06010405', 'Penerimaan Hasil Penerbitan Obligasi Daerah '),
('0601040501', 'Obligasi Atas Nama…..'),
('0601040502', 'Obligasi Nomor……'),
('060105', 'PENERIMAAN KEMBALI PEMBERIAN PINJAMAN '),
('06010501', 'Penerimaan Kembali Penerimaan Pinjaman '),
('0601050101', 'Penerimaan Kembali Penerimaan Pinjaman '),
('060106', 'PENERIMAAN PIUTANG DAERAH '),
('06010601', 'Penerimaan Piutang Daerah dari Pendapatan Daerah '),
('0601060101', 'Penerimaan Piutang Daerah dari Pendapatan Pajak Daerah '),
('0601060102', 'Penerimaan Piutang Daerah dari Pendapatan Retribusi Daerah '),
('0601060103', 'Penerimaan Piutang Daerah dari Lain-lain Pendapatan yang Sah'),
('06010602', 'Penerimaan Piutang Daerah dari Pemerintah '),
('0601060201', 'Penerimaan Piutang Daerah dari Pemerintah '),
('06010603', 'Penerimaan Piutang Daerah dari Pemerintah Daerah Lain '),
('0601060301', 'Pemerintah Daerah ……….'),
('06010604', 'Penerimaan Piutang Daerah dari Lembaga Keuangan Bank '),
('0601060401', 'Bank ………..'),
('06010605', 'Penerimaan Piutang Daerah dari Lembaga Keuangan Bukan Bank '),
('0601060501', 'Lembaga Keuangan Lembaga Bank……'),
('0602', 'PENGELUARAN PEMBIAYAAN DAERAH '),
('060201', 'PEMBENTUKAN DANA CADANGAN '),
('06020101', 'Pembentukan Dana Cadangan '),
('0602010101', 'Pembentukan Dana Cadangan Nomor…..'),
('060202', 'PENYERTAAN MODAL/INVESTASI PEMERINTAH DAERAH '),
('06020201', 'Badan Usaha Milik Pemerintah (BUMN)'),
('0602020101', 'BUMN ………'),
('06020202', 'Badan Usaha Milik Daerah (BUMD)'),
('0602020201', 'BUMD ……..'),
('06020203', 'Badan Usaha Milik Swasta '),
('0602020301', 'Badan………'),
('060203', 'PEMBAYARAN POKOK UTANG'),
('06020301', 'Pembayaran Pokok Utang yang Jatuh Tempo Kepada Pemerintah '),
('0602030101', 'Penerus Pinjaman …'),
('06020302', 'Pembayaran Pokok Utang yang Jatuh Tempo kepada Pemerintah Daerah lain '),
('0602030201', 'Pemerintah Daerah  …………..'),
('06020303', 'Pembayaran Pokok Utang yang Jatuh Tempo kepada Lembaga Keuangan Bank '),
('0602030301', 'Bank ………'),
('06020304', 'Pembayaran Pokok Utang yang Jatuh Tempo kepada Lembaga Keuangan Bukan Bank'),
('0602030401', 'Lembaga Keuangan Bukan Bank'),
('06020305', 'Pembayaran Pokok Utang sebelum Jatuh Tempo kepada Pemerintah'),
('0602030501', 'Penerusan Pinjaman'),
('06020306', 'Pembayaran Pokok Utang sebelum Jatuh Tempo kepada Pemerintah Daerah lain '),
('0602030601', 'Pemerintah Daerah  …………..'),
('06020307', 'Pembayaran Pokok Utang sebelum Jatuh Tempo kepada Lembaga Keuangan Bank '),
('0602030701', 'Bank ………'),
('06020308', 'Pembayaran Pokok Utang sebelum Jatuh Tempo kepada Lembaga Keuangan Bukan Bank'),
('0602030801', 'Lembaga Keuangan Bukan Bank'),
('06020309', 'Pelunasan Obligasi Daerah pada Saat Jatuh Tempo'),
('0602030901', 'Obligasi Atas Nama….'),
('0602030902', 'Obligasi Nomor ….'),
('06020310', 'Pembelian kembali obligasi daerah sebelum jatuh tempo'),
('0602031001', 'Obligasi Atas Nama….'),
('0602031002', 'Obligasi Nomor ….'),
('060204', 'Pemberian Pinjaman Daerah '),
('06020401', 'Pemberian Pinjaman Daerah kepada Pemerintah '),
('0602040101', 'Pemerintah….'),
('06020402', 'Pemberian Pinjaman Daerah kepada Pemerintah Daerah Lain '),
('0602040201', 'Pemerintah Daerah ….'),
('060205', 'Dana Bergulir'),
('06020501', 'Dana Bergulir'),
('0603', 'SISA LEBIH PEMBIAYAAN ANGGARAN TAHUN BERKENAAN ');

-- --------------------------------------------------------

--
-- Table structure for table `tb_penandatangan_lpj`
--

DROP TABLE IF EXISTS `tb_penandatangan_lpj`;
CREATE TABLE IF NOT EXISTS `tb_penandatangan_lpj` (
  `LPJ_ID` int(11) DEFAULT NULL,
  `PENYERAH` char(18) DEFAULT NULL,
  `PENERIMA` char(18) DEFAULT NULL,
  `KUASA_PNGGUNA_ANGGRN` char(18) DEFAULT NULL,
  `BNDHRA_PNGLUARAN_PMBNTU` char(18) DEFAULT NULL,
  `PJBT_PLKSN_TKNS_KEG` char(18) DEFAULT NULL,
  UNIQUE KEY `LPJ_ID` (`LPJ_ID`)
) ENGINE=InnoDB DEFAULT CHARSET=latin1;

--
-- Dumping data for table `tb_penandatangan_lpj`
--

INSERT INTO `tb_penandatangan_lpj` (`LPJ_ID`, `PENYERAH`, `PENERIMA`, `KUASA_PNGGUNA_ANGGRN`, `BNDHRA_PNGLUARAN_PMBNTU`, `PJBT_PLKSN_TKNS_KEG`) VALUES
(11, '197005011993031006', '196007061985032010', '196209231988101001', '196509051991031005', '196802022007011007');

-- --------------------------------------------------------

--
-- Table structure for table `tb_user`
--

DROP TABLE IF EXISTS `tb_user`;
CREATE TABLE IF NOT EXISTS `tb_user` (
  `USER_ID` varchar(50) NOT NULL,
  `USER_NAMA` varchar(50) DEFAULT NULL,
  `USER_JABATAN` varchar(255) NOT NULL,
  `USER_PASSWORD` varchar(20) DEFAULT NULL,
  PRIMARY KEY (`USER_ID`)
) ENGINE=InnoDB DEFAULT CHARSET=latin1;

--
-- Dumping data for table `tb_user`
--

INSERT INTO `tb_user` (`USER_ID`, `USER_NAMA`, `USER_JABATAN`, `USER_PASSWORD`) VALUES
('admin', 'Administrator', 'Nama Jabatan', '123456789'),
('ikhwanm', 'Januar Muhtadiin', 'Jabatan 1', '12345678'),
('softtama', 'Rizki Pratama', 'Jabatan 2', '123456789');

--
-- Constraints for dumped tables
--

--
-- Constraints for table `tb_data_lpj`
--
ALTER TABLE `tb_data_lpj`
  ADD CONSTRAINT `FK_RELATIONSHIP_1` FOREIGN KEY (`USER_ID`) REFERENCES `tb_user` (`USER_ID`);

--
-- Constraints for table `tb_lpj_bndhra_pngluaran_pmbntu`
--
ALTER TABLE `tb_lpj_bndhra_pngluaran_pmbntu`
  ADD CONSTRAINT `FK_RELATIONSHIP_5` FOREIGN KEY (`LPJ_ID`) REFERENCES `tb_data_lpj` (`LPJ_ID`),
  ADD CONSTRAINT `FK_RELATIONSHIP_6` FOREIGN KEY (`KODE_REK`) REFERENCES `tb_m_uraian` (`KODE_REK`);

/*!40101 SET CHARACTER_SET_CLIENT=@OLD_CHARACTER_SET_CLIENT */;
/*!40101 SET CHARACTER_SET_RESULTS=@OLD_CHARACTER_SET_RESULTS */;
/*!40101 SET COLLATION_CONNECTION=@OLD_COLLATION_CONNECTION */;
